referenceKey,status,reason,runtimeEntryCount,importCandidateCount,runtimeEntryIds
"40_hadith_an_nawawi__1","unmatched","runtime_reference_missing_trusted_import","1","0","nawawi40_1"
"40_hadith_an_nawawi__10","unmatched","runtime_reference_missing_trusted_import","1","0","nawawi40_10"
"40_hadith_an_nawawi__11","unmatched","runtime_reference_missing_trusted_import","1","0","nawawi40_11"
"40_hadith_an_nawawi__12","unmatched","runtime_reference_missing_trusted_import","1","0","nawawi40_12"
"40_hadith_an_nawawi__13","unmatched","runtime_reference_missing_trusted_import","1","0","nawawi40_13"
"40_hadith_an_nawawi__14","unmatched","runtime_reference_missing_trusted_import","1","0","nawawi40_14"
"40_hadith_an_nawawi__15","unmatched","runtime_reference_missing_trusted_import","1","0","nawawi40_15"
"40_hadith_an_nawawi__16","unmatched","runtime_reference_missing_trusted_import","1","0","nawawi40_16"
"40_hadith_an_nawawi__17","unmatched","runtime_reference_missing_trusted_import","1","0","nawawi40_17"
"40_hadith_an_nawawi__18","unmatched","runtime_reference_missing_trusted_import","1","0","nawawi40_18"
"40_hadith_an_nawawi__19","unmatched","runtime_reference_missing_trusted_import","1","0","nawawi40_19"
"40_hadith_an_nawawi__2","unmatched","runtime_reference_missing_trusted_import","1","0","nawawi40_2"
"40_hadith_an_nawawi__20","unmatched","runtime_reference_missing_trusted_import","1","0","nawawi40_20"
"40_hadith_an_nawawi__21","unmatched","runtime_reference_missing_trusted_import","1","0","nawawi40_21"
"40_hadith_an_nawawi__22","unmatched","runtime_reference_missing_trusted_import","1","0","nawawi40_22"
"40_hadith_an_nawawi__23","unmatched","runtime_reference_missing_trusted_import","1","0","nawawi40_23"
"40_hadith_an_nawawi__24","unmatched","runtime_reference_missing_trusted_import","1","0","nawawi40_24"
"40_hadith_an_nawawi__25","unmatched","runtime_reference_missing_trusted_import","1","0","nawawi40_25"
"40_hadith_an_nawawi__26","unmatched","runtime_reference_missing_trusted_import","1","0","nawawi40_26"
"40_hadith_an_nawawi__27","unmatched","runtime_reference_missing_trusted_import","1","0","nawawi40_27"
"40_hadith_an_nawawi__28","unmatched","runtime_reference_missing_trusted_import","1","0","nawawi40_28"
"40_hadith_an_nawawi__29","unmatched","runtime_reference_missing_trusted_import","1","0","nawawi40_29"
"40_hadith_an_nawawi__3","unmatched","runtime_reference_missing_trusted_import","1","0","nawawi40_3"
"40_hadith_an_nawawi__31","unmatched","runtime_reference_missing_trusted_import","1","0","nawawi40_31"
"40_hadith_an_nawawi__34","unmatched","runtime_reference_missing_trusted_import","1","0","nawawi40_34"
"40_hadith_an_nawawi__35","unmatched","runtime_reference_missing_trusted_import","1","0","nawawi40_35"
"40_hadith_an_nawawi__36","unmatched","runtime_reference_missing_trusted_import","1","0","nawawi40_36"
"40_hadith_an_nawawi__37","unmatched","runtime_reference_missing_trusted_import","1","0","nawawi40_37"
"40_hadith_an_nawawi__38","unmatched","runtime_reference_missing_trusted_import","1","0","nawawi40_38"
"40_hadith_an_nawawi__4","unmatched","runtime_reference_missing_trusted_import","1","0","nawawi40_4"
"40_hadith_an_nawawi__40","unmatched","runtime_reference_missing_trusted_import","1","0","nawawi40_40"
"40_hadith_an_nawawi__5","unmatched","runtime_reference_missing_trusted_import","1","0","nawawi40_5"
"40_hadith_an_nawawi__6","unmatched","runtime_reference_missing_trusted_import","1","0","nawawi40_6"
"40_hadith_an_nawawi__7","unmatched","runtime_reference_missing_trusted_import","1","0","nawawi40_7"
"40_hadith_an_nawawi__8","unmatched","runtime_reference_missing_trusted_import","1","0","nawawi40_8"
"40_hadith_an_nawawi__9","unmatched","runtime_reference_missing_trusted_import","1","0","nawawi40_9"
"jami_al_tirmidhi__1162","unmatched","runtime_reference_missing_trusted_import","1","0","best_believer_character_family"
"jami_al_tirmidhi__1209","unmatched","runtime_reference_missing_trusted_import","1","0","honest_merchants"
"jami_al_tirmidhi__1921","unmatched","runtime_reference_missing_trusted_import","1","0","mercy_young_respect_elders"
"jami_al_tirmidhi__1924","unmatched","runtime_reference_missing_trusted_import","2","0","merciful_shown_mercy_character|mercy_creation"
"jami_al_tirmidhi__1952","unmatched","runtime_reference_missing_trusted_import","1","0","raising_children_good_manners"
"jami_al_tirmidhi__1956","unmatched","runtime_reference_missing_trusted_import","1","0","smiling_is_charity"
"jami_al_tirmidhi__1977","unmatched","runtime_reference_missing_trusted_import","1","0","not_insulting_or_cursing"
"jami_al_tirmidhi__2317","unmatched","runtime_reference_missing_trusted_import","1","0","leave_what_not_concern"
"jami_al_tirmidhi__2417","unmatched","runtime_reference_missing_trusted_import","1","0","accountability_day_of_judgment"
"jami_al_tirmidhi__2459","unmatched","runtime_reference_missing_trusted_import","1","0","intelligent_prepares_after_death"
"jami_al_tirmidhi__2499","unmatched","runtime_reference_missing_trusted_import","1","0","every_son_of_adam_sins"
"jami_al_tirmidhi__2621","unmatched","runtime_reference_missing_trusted_import","1","0","covenant_is_prayer"
"jami_al_tirmidhi__2685","unmatched","runtime_reference_missing_trusted_import","1","0","superiority_learned_worshipper"
"jami_al_tirmidhi__2687","unmatched","runtime_reference_missing_trusted_import","1","0","wisdom_lost_property"
"jami_al_tirmidhi__2969","unmatched","runtime_reference_missing_trusted_import","1","0","dua_worship"
"jami_al_tirmidhi__3537","unmatched","runtime_reference_missing_trusted_import","1","0","repentance_until_soul_throat"
"jami_al_tirmidhi__3895","unmatched","runtime_reference_missing_trusted_import","1","0","family_best_to_family"
"jami_al_tirmidhi__413","unmatched","runtime_reference_missing_trusted_import","1","0","first_account_prayer"
"jami_al_tirmidhi__tirmidhi_2307","unmatched","runtime_reference_missing_trusted_import","1","0","remember_destroyer_of_pleasures"
"jami_al_tirmidhi__tirmidhi_2308","unmatched","runtime_reference_missing_trusted_import","1","0","grave_first_stage_hereafter"
"jami_al_tirmidhi__tirmidhi_658","unmatched","runtime_reference_missing_trusted_import","1","0","charity_toward_family"
"muwatta_malik__book_47_hadith_8","unmatched","runtime_reference_missing_trusted_import","1","0","sent_to_perfect_character"
"riyad_as_salihin__1000","unmatched","runtime_reference_missing_trusted_import","1","0","riyadussalihin_1000"
"riyad_as_salihin__1001","unmatched","runtime_reference_missing_trusted_import","1","0","riyadussalihin_1001"
"riyad_as_salihin__1002","unmatched","runtime_reference_missing_trusted_import","1","0","riyadussalihin_1002"
"riyad_as_salihin__1003","unmatched","runtime_reference_missing_trusted_import","1","0","riyadussalihin_1003"
"riyad_as_salihin__1004","unmatched","runtime_reference_missing_trusted_import","1","0","riyadussalihin_1004"
"riyad_as_salihin__1005","unmatched","runtime_reference_missing_trusted_import","1","0","riyadussalihin_1005"
"riyad_as_salihin__1006","unmatched","runtime_reference_missing_trusted_import","1","0","riyadussalihin_1006"
"riyad_as_salihin__1008","unmatched","runtime_reference_missing_trusted_import","1","0","riyadussalihin_1008"
"riyad_as_salihin__1009","unmatched","runtime_reference_missing_trusted_import","1","0","riyadussalihin_1009"
"riyad_as_salihin__1010","unmatched","runtime_reference_missing_trusted_import","1","0","riyadussalihin_1010"
"riyad_as_salihin__1011","unmatched","runtime_reference_missing_trusted_import","1","0","riyadussalihin_1011"
"riyad_as_salihin__1012","unmatched","runtime_reference_missing_trusted_import","1","0","riyadussalihin_1012"
"riyad_as_salihin__1013","unmatched","runtime_reference_missing_trusted_import","1","0","riyadussalihin_1013"
"riyad_as_salihin__1014","unmatched","runtime_reference_missing_trusted_import","1","0","riyadussalihin_1014"
"riyad_as_salihin__1015","unmatched","runtime_reference_missing_trusted_import","1","0","riyadussalihin_1015"
"riyad_as_salihin__1016","unmatched","runtime_reference_missing_trusted_import","1","0","riyadussalihin_1016"
"riyad_as_salihin__1017","unmatched","runtime_reference_missing_trusted_import","1","0","riyadussalihin_1017"
"riyad_as_salihin__1018","unmatched","runtime_reference_missing_trusted_import","1","0","riyadussalihin_1018"
"riyad_as_salihin__1019","unmatched","runtime_reference_missing_trusted_import","1","0","riyadussalihin_1019"
"riyad_as_salihin__1020","unmatched","runtime_reference_missing_trusted_import","1","0","riyadussalihin_1020"
"riyad_as_salihin__1021","unmatched","runtime_reference_missing_trusted_import","1","0","riyadussalihin_1021"
"riyad_as_salihin__1022","unmatched","runtime_reference_missing_trusted_import","1","0","riyadussalihin_1022"
"riyad_as_salihin__1023","unmatched","runtime_reference_missing_trusted_import","1","0","riyadussalihin_1023"
"riyad_as_salihin__1024","unmatched","runtime_reference_missing_trusted_import","1","0","riyadussalihin_1024"
"riyad_as_salihin__1025","unmatched","runtime_reference_missing_trusted_import","1","0","riyadussalihin_1025"
"riyad_as_salihin__1026","unmatched","runtime_reference_missing_trusted_import","1","0","riyadussalihin_1026"
"riyad_as_salihin__1027","unmatched","runtime_reference_missing_trusted_import","1","0","riyadussalihin_1027"
"riyad_as_salihin__1028","unmatched","runtime_reference_missing_trusted_import","1","0","riyadussalihin_1028"
"riyad_as_salihin__1029","unmatched","runtime_reference_missing_trusted_import","1","0","riyadussalihin_1029"
"riyad_as_salihin__1030","unmatched","runtime_reference_missing_trusted_import","1","0","riyadussalihin_1030"
"riyad_as_salihin__1031","unmatched","runtime_reference_missing_trusted_import","1","0","riyadussalihin_1031"
"riyad_as_salihin__1032","unmatched","runtime_reference_missing_trusted_import","1","0","riyadussalihin_1032"
"riyad_as_salihin__1033","unmatched","runtime_reference_missing_trusted_import","1","0","riyadussalihin_1033"
"riyad_as_salihin__1034","unmatched","runtime_reference_missing_trusted_import","1","0","riyadussalihin_1034"
"riyad_as_salihin__1035","unmatched","runtime_reference_missing_trusted_import","1","0","riyadussalihin_1035"
"riyad_as_salihin__1036","unmatched","runtime_reference_missing_trusted_import","1","0","riyadussalihin_1036"
"riyad_as_salihin__1037","unmatched","runtime_reference_missing_trusted_import","1","0","riyadussalihin_1037"
"riyad_as_salihin__1038","unmatched","runtime_reference_missing_trusted_import","1","0","riyadussalihin_1038"
"riyad_as_salihin__1039","unmatched","runtime_reference_missing_trusted_import","1","0","riyadussalihin_1039"
"riyad_as_salihin__1040","unmatched","runtime_reference_missing_trusted_import","1","0","riyadussalihin_1040"
"riyad_as_salihin__1042","unmatched","runtime_reference_missing_trusted_import","1","0","riyadussalihin_1042"
"riyad_as_salihin__1043","unmatched","runtime_reference_missing_trusted_import","1","0","riyadussalihin_1043"
"riyad_as_salihin__1044","unmatched","runtime_reference_missing_trusted_import","1","0","riyadussalihin_1044"
"riyad_as_salihin__1045","unmatched","runtime_reference_missing_trusted_import","1","0","riyadussalihin_1045"
"riyad_as_salihin__1046","unmatched","runtime_reference_missing_trusted_import","1","0","riyadussalihin_1046"
"riyad_as_salihin__1047","unmatched","runtime_reference_missing_trusted_import","1","0","riyadussalihin_1047"
"riyad_as_salihin__1048","unmatched","runtime_reference_missing_trusted_import","1","0","riyadussalihin_1048"
"riyad_as_salihin__1049","unmatched","runtime_reference_missing_trusted_import","1","0","riyadussalihin_1049"
"riyad_as_salihin__1050","unmatched","runtime_reference_missing_trusted_import","1","0","riyadussalihin_1050"
"riyad_as_salihin__1051","unmatched","runtime_reference_missing_trusted_import","1","0","riyadussalihin_1051"
"riyad_as_salihin__1052","unmatched","runtime_reference_missing_trusted_import","1","0","riyadussalihin_1052"
"riyad_as_salihin__1053","unmatched","runtime_reference_missing_trusted_import","1","0","riyadussalihin_1053"
"riyad_as_salihin__1054","unmatched","runtime_reference_missing_trusted_import","1","0","riyadussalihin_1054"
"riyad_as_salihin__1055","unmatched","runtime_reference_missing_trusted_import","1","0","riyadussalihin_1055"
"riyad_as_salihin__1056","unmatched","runtime_reference_missing_trusted_import","1","0","riyadussalihin_1056"
"riyad_as_salihin__1057","unmatched","runtime_reference_missing_trusted_import","1","0","riyadussalihin_1057"
"riyad_as_salihin__1059","unmatched","runtime_reference_missing_trusted_import","1","0","riyadussalihin_1059"
"riyad_as_salihin__1060","unmatched","runtime_reference_missing_trusted_import","1","0","riyadussalihin_1060"
"riyad_as_salihin__1061","unmatched","runtime_reference_missing_trusted_import","1","0","riyadussalihin_1061"
"riyad_as_salihin__1062","unmatched","runtime_reference_missing_trusted_import","1","0","riyadussalihin_1062"
"riyad_as_salihin__1063","unmatched","runtime_reference_missing_trusted_import","1","0","riyadussalihin_1063"
"riyad_as_salihin__1064","unmatched","runtime_reference_missing_trusted_import","1","0","riyadussalihin_1064"
"riyad_as_salihin__1065","unmatched","runtime_reference_missing_trusted_import","1","0","riyadussalihin_1065"
"riyad_as_salihin__1066","unmatched","runtime_reference_missing_trusted_import","1","0","riyadussalihin_1066"
"riyad_as_salihin__1068","unmatched","runtime_reference_missing_trusted_import","1","0","riyadussalihin_1068"
"riyad_as_salihin__1069","unmatched","runtime_reference_missing_trusted_import","1","0","riyadussalihin_1069"
"riyad_as_salihin__1071","unmatched","runtime_reference_missing_trusted_import","1","0","riyadussalihin_1071"
"riyad_as_salihin__1072","unmatched","runtime_reference_missing_trusted_import","1","0","riyadussalihin_1072"
"riyad_as_salihin__1073","unmatched","runtime_reference_missing_trusted_import","1","0","riyadussalihin_1073"
"riyad_as_salihin__1074","unmatched","runtime_reference_missing_trusted_import","1","0","riyadussalihin_1074"
"riyad_as_salihin__1075","unmatched","runtime_reference_missing_trusted_import","1","0","riyadussalihin_1075"
"riyad_as_salihin__1076","unmatched","runtime_reference_missing_trusted_import","1","0","riyadussalihin_1076"
"riyad_as_salihin__1077","unmatched","runtime_reference_missing_trusted_import","1","0","riyadussalihin_1077"
"riyad_as_salihin__1078","unmatched","runtime_reference_missing_trusted_import","1","0","riyadussalihin_1078"
"riyad_as_salihin__1079","unmatched","runtime_reference_missing_trusted_import","1","0","riyadussalihin_1079"
"riyad_as_salihin__1081","unmatched","runtime_reference_missing_trusted_import","1","0","riyadussalihin_1081"
"riyad_as_salihin__1082","unmatched","runtime_reference_missing_trusted_import","1","0","riyadussalihin_1082"
"riyad_as_salihin__1083","unmatched","runtime_reference_missing_trusted_import","1","0","riyadussalihin_1083"
"riyad_as_salihin__1084","unmatched","runtime_reference_missing_trusted_import","1","0","riyadussalihin_1084"
"riyad_as_salihin__1085","unmatched","runtime_reference_missing_trusted_import","1","0","riyadussalihin_1085"
"riyad_as_salihin__1086","unmatched","runtime_reference_missing_trusted_import","1","0","riyadussalihin_1086"
"riyad_as_salihin__1087","unmatched","runtime_reference_missing_trusted_import","1","0","riyadussalihin_1087"
"riyad_as_salihin__1088","unmatched","runtime_reference_missing_trusted_import","1","0","riyadussalihin_1088"
"riyad_as_salihin__1089","unmatched","runtime_reference_missing_trusted_import","1","0","riyadussalihin_1089"
"riyad_as_salihin__1095","unmatched","runtime_reference_missing_trusted_import","1","0","riyadussalihin_1095"
"riyad_as_salihin__1097","unmatched","runtime_reference_missing_trusted_import","1","0","riyadussalihin_1097"
"riyad_as_salihin__1098","unmatched","runtime_reference_missing_trusted_import","1","0","riyadussalihin_1098"
"riyad_as_salihin__1099","unmatched","runtime_reference_missing_trusted_import","1","0","riyadussalihin_1099"
"riyad_as_salihin__1100","unmatched","runtime_reference_missing_trusted_import","1","0","riyadussalihin_1100"
"riyad_as_salihin__1101","unmatched","runtime_reference_missing_trusted_import","1","0","riyadussalihin_1101"
"riyad_as_salihin__1102","unmatched","runtime_reference_missing_trusted_import","1","0","riyadussalihin_1102"
"riyad_as_salihin__1104","unmatched","runtime_reference_missing_trusted_import","1","0","riyadussalihin_1104"
"riyad_as_salihin__1105","unmatched","runtime_reference_missing_trusted_import","1","0","riyadussalihin_1105"
"riyad_as_salihin__1106","unmatched","runtime_reference_missing_trusted_import","1","0","riyadussalihin_1106"
"riyad_as_salihin__1107","unmatched","runtime_reference_missing_trusted_import","1","0","riyadussalihin_1107"
"riyad_as_salihin__1108","unmatched","runtime_reference_missing_trusted_import","1","0","riyadussalihin_1108"
"riyad_as_salihin__1109","unmatched","runtime_reference_missing_trusted_import","1","0","riyadussalihin_1109"
"riyad_as_salihin__1110","unmatched","runtime_reference_missing_trusted_import","1","0","riyadussalihin_1110"
"riyad_as_salihin__1111","unmatched","runtime_reference_missing_trusted_import","1","0","riyadussalihin_1111"
"riyad_as_salihin__1112","unmatched","runtime_reference_missing_trusted_import","1","0","riyadussalihin_1112"
"riyad_as_salihin__1113","unmatched","runtime_reference_missing_trusted_import","1","0","riyadussalihin_1113"
"riyad_as_salihin__1114","unmatched","runtime_reference_missing_trusted_import","1","0","riyadussalihin_1114"
"riyad_as_salihin__1115","unmatched","runtime_reference_missing_trusted_import","1","0","riyadussalihin_1115"
"riyad_as_salihin__1116","unmatched","runtime_reference_missing_trusted_import","1","0","riyadussalihin_1116"
"riyad_as_salihin__1117","unmatched","runtime_reference_missing_trusted_import","1","0","riyadussalihin_1117"
"riyad_as_salihin__1118","unmatched","runtime_reference_missing_trusted_import","1","0","riyadussalihin_1118"
"riyad_as_salihin__1119","unmatched","runtime_reference_missing_trusted_import","1","0","riyadussalihin_1119"
"riyad_as_salihin__1120","unmatched","runtime_reference_missing_trusted_import","1","0","riyadussalihin_1120"
"riyad_as_salihin__1122","unmatched","runtime_reference_missing_trusted_import","1","0","riyadussalihin_1122"
"riyad_as_salihin__1123","unmatched","runtime_reference_missing_trusted_import","1","0","riyadussalihin_1123"
"riyad_as_salihin__1124","unmatched","runtime_reference_missing_trusted_import","1","0","riyadussalihin_1124"
"riyad_as_salihin__1125","unmatched","runtime_reference_missing_trusted_import","1","0","riyadussalihin_1125"
"riyad_as_salihin__1126","unmatched","runtime_reference_missing_trusted_import","1","0","riyadussalihin_1126"
"riyad_as_salihin__1127","unmatched","runtime_reference_missing_trusted_import","1","0","riyadussalihin_1127"
"riyad_as_salihin__1128","unmatched","runtime_reference_missing_trusted_import","1","0","riyadussalihin_1128"
"riyad_as_salihin__1129","unmatched","runtime_reference_missing_trusted_import","1","0","riyadussalihin_1129"
"riyad_as_salihin__1130","unmatched","runtime_reference_missing_trusted_import","1","0","riyadussalihin_1130"
"riyad_as_salihin__1131","unmatched","runtime_reference_missing_trusted_import","1","0","riyadussalihin_1131"
"riyad_as_salihin__1132","unmatched","runtime_reference_missing_trusted_import","1","0","riyadussalihin_1132"
"riyad_as_salihin__1133","unmatched","runtime_reference_missing_trusted_import","1","0","riyadussalihin_1133"
"riyad_as_salihin__1134","unmatched","runtime_reference_missing_trusted_import","1","0","riyadussalihin_1134"
"riyad_as_salihin__1135","unmatched","runtime_reference_missing_trusted_import","1","0","riyadussalihin_1135"
"riyad_as_salihin__1136","unmatched","runtime_reference_missing_trusted_import","1","0","riyadussalihin_1136"
"riyad_as_salihin__1137","unmatched","runtime_reference_missing_trusted_import","1","0","riyadussalihin_1137"
"riyad_as_salihin__1138","unmatched","runtime_reference_missing_trusted_import","1","0","riyadussalihin_1138"
"riyad_as_salihin__1139","unmatched","runtime_reference_missing_trusted_import","1","0","riyadussalihin_1139"
"riyad_as_salihin__1140","unmatched","runtime_reference_missing_trusted_import","1","0","riyadussalihin_1140"
"riyad_as_salihin__1141","unmatched","runtime_reference_missing_trusted_import","1","0","riyadussalihin_1141"
"riyad_as_salihin__1142","unmatched","runtime_reference_missing_trusted_import","1","0","riyadussalihin_1142"
"riyad_as_salihin__1143","unmatched","runtime_reference_missing_trusted_import","1","0","riyadussalihin_1143"
"riyad_as_salihin__1144","unmatched","runtime_reference_missing_trusted_import","1","0","riyadussalihin_1144"
"riyad_as_salihin__1145","unmatched","runtime_reference_missing_trusted_import","1","0","riyadussalihin_1145"
"riyad_as_salihin__1146","unmatched","runtime_reference_missing_trusted_import","1","0","riyadussalihin_1146"
"riyad_as_salihin__1147","unmatched","runtime_reference_missing_trusted_import","1","0","riyadussalihin_1147"
"riyad_as_salihin__1148","unmatched","runtime_reference_missing_trusted_import","1","0","riyadussalihin_1148"
"riyad_as_salihin__1149","unmatched","runtime_reference_missing_trusted_import","1","0","riyadussalihin_1149"
"riyad_as_salihin__1150","unmatched","runtime_reference_missing_trusted_import","1","0","riyadussalihin_1150"
"riyad_as_salihin__1151","unmatched","runtime_reference_missing_trusted_import","1","0","riyadussalihin_1151"
"riyad_as_salihin__1152","unmatched","runtime_reference_missing_trusted_import","1","0","riyadussalihin_1152"
"riyad_as_salihin__1153","unmatched","runtime_reference_missing_trusted_import","1","0","riyadussalihin_1153"
"riyad_as_salihin__1154","unmatched","runtime_reference_missing_trusted_import","1","0","riyadussalihin_1154"
"riyad_as_salihin__1155","unmatched","runtime_reference_missing_trusted_import","1","0","riyadussalihin_1155"
"riyad_as_salihin__1156","unmatched","runtime_reference_missing_trusted_import","1","0","riyadussalihin_1156"
"riyad_as_salihin__1157","unmatched","runtime_reference_missing_trusted_import","1","0","riyadussalihin_1157"
"riyad_as_salihin__1160","unmatched","runtime_reference_missing_trusted_import","1","0","riyadussalihin_1160"
"riyad_as_salihin__1161","unmatched","runtime_reference_missing_trusted_import","1","0","riyadussalihin_1161"
"riyad_as_salihin__1162","unmatched","runtime_reference_missing_trusted_import","1","0","riyadussalihin_1162"
"riyad_as_salihin__1163","unmatched","runtime_reference_missing_trusted_import","1","0","riyadussalihin_1163"
"riyad_as_salihin__1164","unmatched","runtime_reference_missing_trusted_import","1","0","riyadussalihin_1164"
"riyad_as_salihin__1165","unmatched","runtime_reference_missing_trusted_import","1","0","riyadussalihin_1165"
"riyad_as_salihin__1166","unmatched","runtime_reference_missing_trusted_import","1","0","riyadussalihin_1166"
"riyad_as_salihin__1167","unmatched","runtime_reference_missing_trusted_import","1","0","riyadussalihin_1167"
"riyad_as_salihin__1168","unmatched","runtime_reference_missing_trusted_import","1","0","riyadussalihin_1168"
"riyad_as_salihin__1169","unmatched","runtime_reference_missing_trusted_import","1","0","riyadussalihin_1169"
"riyad_as_salihin__1170","unmatched","runtime_reference_missing_trusted_import","1","0","riyadussalihin_1170"
"riyad_as_salihin__1171","unmatched","runtime_reference_missing_trusted_import","1","0","riyadussalihin_1171"
"riyad_as_salihin__1172","unmatched","runtime_reference_missing_trusted_import","1","0","riyadussalihin_1172"
"riyad_as_salihin__1173","unmatched","runtime_reference_missing_trusted_import","1","0","riyadussalihin_1173"
"riyad_as_salihin__1174","unmatched","runtime_reference_missing_trusted_import","1","0","riyadussalihin_1174"
"riyad_as_salihin__1175","unmatched","runtime_reference_missing_trusted_import","1","0","riyadussalihin_1175"
"riyad_as_salihin__1176","unmatched","runtime_reference_missing_trusted_import","1","0","riyadussalihin_1176"
"riyad_as_salihin__1177","unmatched","runtime_reference_missing_trusted_import","1","0","riyadussalihin_1177"
"riyad_as_salihin__1178","unmatched","runtime_reference_missing_trusted_import","1","0","riyadussalihin_1178"
"riyad_as_salihin__1179","unmatched","runtime_reference_missing_trusted_import","1","0","riyadussalihin_1179"
"riyad_as_salihin__1180","unmatched","runtime_reference_missing_trusted_import","1","0","riyadussalihin_1180"
"riyad_as_salihin__1181","unmatched","runtime_reference_missing_trusted_import","1","0","riyadussalihin_1181"
"riyad_as_salihin__1182","unmatched","runtime_reference_missing_trusted_import","1","0","riyadussalihin_1182"
"riyad_as_salihin__1185","unmatched","runtime_reference_missing_trusted_import","1","0","riyadussalihin_1185"
"riyad_as_salihin__1186","unmatched","runtime_reference_missing_trusted_import","1","0","riyadussalihin_1186"
"riyad_as_salihin__1187","unmatched","runtime_reference_missing_trusted_import","1","0","riyadussalihin_1187"
"riyad_as_salihin__1188","unmatched","runtime_reference_missing_trusted_import","1","0","riyadussalihin_1188"
"riyad_as_salihin__1189","unmatched","runtime_reference_missing_trusted_import","1","0","riyadussalihin_1189"
"riyad_as_salihin__1190","unmatched","runtime_reference_missing_trusted_import","1","0","riyadussalihin_1190"
"riyad_as_salihin__1191","unmatched","runtime_reference_missing_trusted_import","1","0","riyadussalihin_1191"
"riyad_as_salihin__1192","unmatched","runtime_reference_missing_trusted_import","1","0","riyadussalihin_1192"
"riyad_as_salihin__1193","unmatched","runtime_reference_missing_trusted_import","1","0","riyadussalihin_1193"
"riyad_as_salihin__1194","unmatched","runtime_reference_missing_trusted_import","1","0","riyadussalihin_1194"
"riyad_as_salihin__1195","unmatched","runtime_reference_missing_trusted_import","1","0","riyadussalihin_1195"
"riyad_as_salihin__1196","unmatched","runtime_reference_missing_trusted_import","1","0","riyadussalihin_1196"
"riyad_as_salihin__1197","unmatched","runtime_reference_missing_trusted_import","1","0","riyadussalihin_1197"
"riyad_as_salihin__1198","unmatched","runtime_reference_missing_trusted_import","1","0","riyadussalihin_1198"
"riyad_as_salihin__1199","unmatched","runtime_reference_missing_trusted_import","1","0","riyadussalihin_1199"
"riyad_as_salihin__1200","unmatched","runtime_reference_missing_trusted_import","1","0","riyadussalihin_1200"
"riyad_as_salihin__1201","unmatched","runtime_reference_missing_trusted_import","1","0","riyadussalihin_1201"
"riyad_as_salihin__1203","unmatched","runtime_reference_missing_trusted_import","1","0","riyadussalihin_1203"
"riyad_as_salihin__1204","unmatched","runtime_reference_missing_trusted_import","1","0","riyadussalihin_1204"
"riyad_as_salihin__1205","unmatched","runtime_reference_missing_trusted_import","1","0","riyadussalihin_1205"
"riyad_as_salihin__1206","unmatched","runtime_reference_missing_trusted_import","1","0","riyadussalihin_1206"
"riyad_as_salihin__1207","unmatched","runtime_reference_missing_trusted_import","1","0","riyadussalihin_1207"
"riyad_as_salihin__1208","unmatched","runtime_reference_missing_trusted_import","1","0","riyadussalihin_1208"
"riyad_as_salihin__1209","unmatched","runtime_reference_missing_trusted_import","1","0","riyadussalihin_1209"
"riyad_as_salihin__1210","unmatched","runtime_reference_missing_trusted_import","1","0","riyadussalihin_1210"
"riyad_as_salihin__1211","unmatched","runtime_reference_missing_trusted_import","1","0","riyadussalihin_1211"
"riyad_as_salihin__1212","unmatched","runtime_reference_missing_trusted_import","1","0","riyadussalihin_1212"
"riyad_as_salihin__1213","unmatched","runtime_reference_missing_trusted_import","1","0","riyadussalihin_1213"
"riyad_as_salihin__1214","unmatched","runtime_reference_missing_trusted_import","1","0","riyadussalihin_1214"
"riyad_as_salihin__1215","unmatched","runtime_reference_missing_trusted_import","1","0","riyadussalihin_1215"
"riyad_as_salihin__1216","unmatched","runtime_reference_missing_trusted_import","1","0","riyadussalihin_1216"
"riyad_as_salihin__1217","unmatched","runtime_reference_missing_trusted_import","1","0","riyadussalihin_1217"
"riyad_as_salihin__1218","unmatched","runtime_reference_missing_trusted_import","1","0","riyadussalihin_1218"
"riyad_as_salihin__1219","unmatched","runtime_reference_missing_trusted_import","1","0","riyadussalihin_1219"
"riyad_as_salihin__1220","unmatched","runtime_reference_missing_trusted_import","1","0","riyadussalihin_1220"
"riyad_as_salihin__1221","unmatched","runtime_reference_missing_trusted_import","1","0","riyadussalihin_1221"
"riyad_as_salihin__1222","unmatched","runtime_reference_missing_trusted_import","1","0","riyadussalihin_1222"
"riyad_as_salihin__1223","unmatched","runtime_reference_missing_trusted_import","1","0","riyadussalihin_1223"
"riyad_as_salihin__1224","unmatched","runtime_reference_missing_trusted_import","1","0","riyadussalihin_1224"
"riyad_as_salihin__1225","unmatched","runtime_reference_missing_trusted_import","1","0","riyadussalihin_1225"
"riyad_as_salihin__1226","unmatched","runtime_reference_missing_trusted_import","1","0","riyadussalihin_1226"
"riyad_as_salihin__1227","unmatched","runtime_reference_missing_trusted_import","1","0","riyadussalihin_1227"
"riyad_as_salihin__1228","unmatched","runtime_reference_missing_trusted_import","1","0","riyadussalihin_1228"
"riyad_as_salihin__1229","unmatched","runtime_reference_missing_trusted_import","1","0","riyadussalihin_1229"
"riyad_as_salihin__1230","unmatched","runtime_reference_missing_trusted_import","1","0","riyadussalihin_1230"
"riyad_as_salihin__1231","unmatched","runtime_reference_missing_trusted_import","1","0","riyadussalihin_1231"
"riyad_as_salihin__1232","unmatched","runtime_reference_missing_trusted_import","1","0","riyadussalihin_1232"
"riyad_as_salihin__1233","unmatched","runtime_reference_missing_trusted_import","1","0","riyadussalihin_1233"
"riyad_as_salihin__1234","unmatched","runtime_reference_missing_trusted_import","1","0","riyadussalihin_1234"
"riyad_as_salihin__1235","unmatched","runtime_reference_missing_trusted_import","1","0","riyadussalihin_1235"
"riyad_as_salihin__1236","unmatched","runtime_reference_missing_trusted_import","1","0","riyadussalihin_1236"
"riyad_as_salihin__1237","unmatched","runtime_reference_missing_trusted_import","1","0","riyadussalihin_1237"
"riyad_as_salihin__1238","unmatched","runtime_reference_missing_trusted_import","1","0","riyadussalihin_1238"
"riyad_as_salihin__1239","unmatched","runtime_reference_missing_trusted_import","1","0","riyadussalihin_1239"
"riyad_as_salihin__1240","unmatched","runtime_reference_missing_trusted_import","1","0","riyadussalihin_1240"
"riyad_as_salihin__1241","unmatched","runtime_reference_missing_trusted_import","1","0","riyadussalihin_1241"
"riyad_as_salihin__1242","unmatched","runtime_reference_missing_trusted_import","1","0","riyadussalihin_1242"
"riyad_as_salihin__1243","unmatched","runtime_reference_missing_trusted_import","1","0","riyadussalihin_1243"
"riyad_as_salihin__1244","unmatched","runtime_reference_missing_trusted_import","1","0","riyadussalihin_1244"
"riyad_as_salihin__1245","unmatched","runtime_reference_missing_trusted_import","1","0","riyadussalihin_1245"
"riyad_as_salihin__1246","unmatched","runtime_reference_missing_trusted_import","1","0","riyadussalihin_1246"
"riyad_as_salihin__1247","unmatched","runtime_reference_missing_trusted_import","1","0","riyadussalihin_1247"
"riyad_as_salihin__1249","unmatched","runtime_reference_missing_trusted_import","1","0","riyadussalihin_1249"
"riyad_as_salihin__1250","unmatched","runtime_reference_missing_trusted_import","1","0","riyadussalihin_1250"
"riyad_as_salihin__1251","unmatched","runtime_reference_missing_trusted_import","1","0","riyadussalihin_1251"
"riyad_as_salihin__1252","unmatched","runtime_reference_missing_trusted_import","1","0","riyadussalihin_1252"
"riyad_as_salihin__1253","unmatched","runtime_reference_missing_trusted_import","1","0","riyadussalihin_1253"
"riyad_as_salihin__1254","unmatched","runtime_reference_missing_trusted_import","1","0","riyadussalihin_1254"
"riyad_as_salihin__1255","unmatched","runtime_reference_missing_trusted_import","1","0","riyadussalihin_1255"
"riyad_as_salihin__1256","unmatched","runtime_reference_missing_trusted_import","1","0","riyadussalihin_1256"
"riyad_as_salihin__1257","unmatched","runtime_reference_missing_trusted_import","1","0","riyadussalihin_1257"
"riyad_as_salihin__1258","unmatched","runtime_reference_missing_trusted_import","1","0","riyadussalihin_1258"
"riyad_as_salihin__1259","unmatched","runtime_reference_missing_trusted_import","1","0","riyadussalihin_1259"
"riyad_as_salihin__1260","unmatched","runtime_reference_missing_trusted_import","1","0","riyadussalihin_1260"
"riyad_as_salihin__1261","unmatched","runtime_reference_missing_trusted_import","1","0","riyadussalihin_1261"
"riyad_as_salihin__1262","unmatched","runtime_reference_missing_trusted_import","1","0","riyadussalihin_1262"
"riyad_as_salihin__1265","unmatched","runtime_reference_missing_trusted_import","1","0","riyadussalihin_1265"
"riyad_as_salihin__1266","unmatched","runtime_reference_missing_trusted_import","1","0","riyadussalihin_1266"
"riyad_as_salihin__1268","unmatched","runtime_reference_missing_trusted_import","1","0","riyadussalihin_1268"
"riyad_as_salihin__1269","unmatched","runtime_reference_missing_trusted_import","1","0","riyadussalihin_1269"
"riyad_as_salihin__1270","unmatched","runtime_reference_missing_trusted_import","1","0","riyadussalihin_1270"
"riyad_as_salihin__1271","unmatched","runtime_reference_missing_trusted_import","1","0","riyadussalihin_1271"
"riyad_as_salihin__1272","unmatched","runtime_reference_missing_trusted_import","1","0","riyadussalihin_1272"
"riyad_as_salihin__1273","unmatched","runtime_reference_missing_trusted_import","1","0","riyadussalihin_1273"
"riyad_as_salihin__1274","unmatched","runtime_reference_missing_trusted_import","1","0","riyadussalihin_1274"
"riyad_as_salihin__1275","unmatched","runtime_reference_missing_trusted_import","1","0","riyadussalihin_1275"
"riyad_as_salihin__1276","unmatched","runtime_reference_missing_trusted_import","1","0","riyadussalihin_1276"
"riyad_as_salihin__1277","unmatched","runtime_reference_missing_trusted_import","1","0","riyadussalihin_1277"
"riyad_as_salihin__1278","unmatched","runtime_reference_missing_trusted_import","1","0","riyadussalihin_1278"
"riyad_as_salihin__1279","unmatched","runtime_reference_missing_trusted_import","1","0","riyadussalihin_1279"
"riyad_as_salihin__1280","unmatched","runtime_reference_missing_trusted_import","1","0","riyadussalihin_1280"
"riyad_as_salihin__1281","unmatched","runtime_reference_missing_trusted_import","1","0","riyadussalihin_1281"
"riyad_as_salihin__1282","unmatched","runtime_reference_missing_trusted_import","1","0","riyadussalihin_1282"
"riyad_as_salihin__1283","unmatched","runtime_reference_missing_trusted_import","1","0","riyadussalihin_1283"
"riyad_as_salihin__1284","unmatched","runtime_reference_missing_trusted_import","1","0","riyadussalihin_1284"
"riyad_as_salihin__1285","unmatched","runtime_reference_missing_trusted_import","1","0","riyadussalihin_1285"
"riyad_as_salihin__1286","unmatched","runtime_reference_missing_trusted_import","1","0","riyadussalihin_1286"
"riyad_as_salihin__1287","unmatched","runtime_reference_missing_trusted_import","1","0","riyadussalihin_1287"
"riyad_as_salihin__1288","unmatched","runtime_reference_missing_trusted_import","1","0","riyadussalihin_1288"
"riyad_as_salihin__1289","unmatched","runtime_reference_missing_trusted_import","1","0","riyadussalihin_1289"
"riyad_as_salihin__1290","unmatched","runtime_reference_missing_trusted_import","1","0","riyadussalihin_1290"
"riyad_as_salihin__1291","unmatched","runtime_reference_missing_trusted_import","1","0","riyadussalihin_1291"
"riyad_as_salihin__1292","unmatched","runtime_reference_missing_trusted_import","1","0","riyadussalihin_1292"
"riyad_as_salihin__1293","unmatched","runtime_reference_missing_trusted_import","1","0","riyadussalihin_1293"
"riyad_as_salihin__1294","unmatched","runtime_reference_missing_trusted_import","1","0","riyadussalihin_1294"
"riyad_as_salihin__1295","unmatched","runtime_reference_missing_trusted_import","1","0","riyadussalihin_1295"
"riyad_as_salihin__1296","unmatched","runtime_reference_missing_trusted_import","1","0","riyadussalihin_1296"
"riyad_as_salihin__1297","unmatched","runtime_reference_missing_trusted_import","1","0","riyadussalihin_1297"
"riyad_as_salihin__1298","unmatched","runtime_reference_missing_trusted_import","1","0","riyadussalihin_1298"
"riyad_as_salihin__1299","unmatched","runtime_reference_missing_trusted_import","1","0","riyadussalihin_1299"
"riyad_as_salihin__1300","unmatched","runtime_reference_missing_trusted_import","1","0","riyadussalihin_1300"
"riyad_as_salihin__1301","unmatched","runtime_reference_missing_trusted_import","1","0","riyadussalihin_1301"
"riyad_as_salihin__1302","unmatched","runtime_reference_missing_trusted_import","1","0","riyadussalihin_1302"
"riyad_as_salihin__1303","unmatched","runtime_reference_missing_trusted_import","1","0","riyadussalihin_1303"
"riyad_as_salihin__1304","unmatched","runtime_reference_missing_trusted_import","1","0","riyadussalihin_1304"
"riyad_as_salihin__1305","unmatched","runtime_reference_missing_trusted_import","1","0","riyadussalihin_1305"
"riyad_as_salihin__1306","unmatched","runtime_reference_missing_trusted_import","1","0","riyadussalihin_1306"
"riyad_as_salihin__1307","unmatched","runtime_reference_missing_trusted_import","1","0","riyadussalihin_1307"
"riyad_as_salihin__1308","unmatched","runtime_reference_missing_trusted_import","1","0","riyadussalihin_1308"
"riyad_as_salihin__1309","unmatched","runtime_reference_missing_trusted_import","1","0","riyadussalihin_1309"
"riyad_as_salihin__1310","unmatched","runtime_reference_missing_trusted_import","1","0","riyadussalihin_1310"
"riyad_as_salihin__1311","unmatched","runtime_reference_missing_trusted_import","1","0","riyadussalihin_1311"
"riyad_as_salihin__1312","unmatched","runtime_reference_missing_trusted_import","1","0","riyadussalihin_1312"
"riyad_as_salihin__1313","unmatched","runtime_reference_missing_trusted_import","1","0","riyadussalihin_1313"
"riyad_as_salihin__1314","unmatched","runtime_reference_missing_trusted_import","1","0","riyadussalihin_1314"
"riyad_as_salihin__1315","unmatched","runtime_reference_missing_trusted_import","1","0","riyadussalihin_1315"
"riyad_as_salihin__1316","unmatched","runtime_reference_missing_trusted_import","1","0","riyadussalihin_1316"
"riyad_as_salihin__1317","unmatched","runtime_reference_missing_trusted_import","1","0","riyadussalihin_1317"
"riyad_as_salihin__1318","unmatched","runtime_reference_missing_trusted_import","1","0","riyadussalihin_1318"
"riyad_as_salihin__1319","unmatched","runtime_reference_missing_trusted_import","1","0","riyadussalihin_1319"
"riyad_as_salihin__1320","unmatched","runtime_reference_missing_trusted_import","1","0","riyadussalihin_1320"
"riyad_as_salihin__1321","unmatched","runtime_reference_missing_trusted_import","1","0","riyadussalihin_1321"
"riyad_as_salihin__1322","unmatched","runtime_reference_missing_trusted_import","1","0","riyadussalihin_1322"
"riyad_as_salihin__1323","unmatched","runtime_reference_missing_trusted_import","1","0","riyadussalihin_1323"
"riyad_as_salihin__1324","unmatched","runtime_reference_missing_trusted_import","1","0","riyadussalihin_1324"
"riyad_as_salihin__1326","unmatched","runtime_reference_missing_trusted_import","1","0","riyadussalihin_1326"
"riyad_as_salihin__1328","unmatched","runtime_reference_missing_trusted_import","1","0","riyadussalihin_1328"
"riyad_as_salihin__1329","unmatched","runtime_reference_missing_trusted_import","1","0","riyadussalihin_1329"
"riyad_as_salihin__1330","unmatched","runtime_reference_missing_trusted_import","1","0","riyadussalihin_1330"
"riyad_as_salihin__1331","unmatched","runtime_reference_missing_trusted_import","1","0","riyadussalihin_1331"
"riyad_as_salihin__1332","unmatched","runtime_reference_missing_trusted_import","1","0","riyadussalihin_1332"
"riyad_as_salihin__1333","unmatched","runtime_reference_missing_trusted_import","1","0","riyadussalihin_1333"
"riyad_as_salihin__1334","unmatched","runtime_reference_missing_trusted_import","1","0","riyadussalihin_1334"
"riyad_as_salihin__1336","unmatched","runtime_reference_missing_trusted_import","1","0","riyadussalihin_1336"
"riyad_as_salihin__1337","unmatched","runtime_reference_missing_trusted_import","1","0","riyadussalihin_1337"
"riyad_as_salihin__1338","unmatched","runtime_reference_missing_trusted_import","1","0","riyadussalihin_1338"
"riyad_as_salihin__1339","unmatched","runtime_reference_missing_trusted_import","1","0","riyadussalihin_1339"
"riyad_as_salihin__1340","unmatched","runtime_reference_missing_trusted_import","1","0","riyadussalihin_1340"
"riyad_as_salihin__1341","unmatched","runtime_reference_missing_trusted_import","1","0","riyadussalihin_1341"
"riyad_as_salihin__1342","unmatched","runtime_reference_missing_trusted_import","1","0","riyadussalihin_1342"
"riyad_as_salihin__1343","unmatched","runtime_reference_missing_trusted_import","1","0","riyadussalihin_1343"
"riyad_as_salihin__1344","unmatched","runtime_reference_missing_trusted_import","1","0","riyadussalihin_1344"
"riyad_as_salihin__1347","unmatched","runtime_reference_missing_trusted_import","1","0","riyadussalihin_1347"
"riyad_as_salihin__1350","unmatched","runtime_reference_missing_trusted_import","1","0","riyadussalihin_1350"
"riyad_as_salihin__1351","unmatched","runtime_reference_missing_trusted_import","1","0","riyadussalihin_1351"
"riyad_as_salihin__1352","unmatched","runtime_reference_missing_trusted_import","1","0","riyadussalihin_1352"
"riyad_as_salihin__1353","unmatched","runtime_reference_missing_trusted_import","1","0","riyadussalihin_1353"
"riyad_as_salihin__1354","unmatched","runtime_reference_missing_trusted_import","1","0","riyadussalihin_1354"
"riyad_as_salihin__1355","unmatched","runtime_reference_missing_trusted_import","1","0","riyadussalihin_1355"
"riyad_as_salihin__1356","unmatched","runtime_reference_missing_trusted_import","1","0","riyadussalihin_1356"
"riyad_as_salihin__1357","unmatched","runtime_reference_missing_trusted_import","1","0","riyadussalihin_1357"
"riyad_as_salihin__1358","unmatched","runtime_reference_missing_trusted_import","1","0","riyadussalihin_1358"
"riyad_as_salihin__1359","unmatched","runtime_reference_missing_trusted_import","1","0","riyadussalihin_1359"
"riyad_as_salihin__1360","unmatched","runtime_reference_missing_trusted_import","1","0","riyadussalihin_1360"
"riyad_as_salihin__1361","unmatched","runtime_reference_missing_trusted_import","1","0","riyadussalihin_1361"
"riyad_as_salihin__1362","unmatched","runtime_reference_missing_trusted_import","1","0","riyadussalihin_1362"
"riyad_as_salihin__1363","unmatched","runtime_reference_missing_trusted_import","1","0","riyadussalihin_1363"
"riyad_as_salihin__1364","unmatched","runtime_reference_missing_trusted_import","1","0","riyadussalihin_1364"
"riyad_as_salihin__1365","unmatched","runtime_reference_missing_trusted_import","1","0","riyadussalihin_1365"
"riyad_as_salihin__1366","unmatched","runtime_reference_missing_trusted_import","1","0","riyadussalihin_1366"
"riyad_as_salihin__1367","unmatched","runtime_reference_missing_trusted_import","1","0","riyadussalihin_1367"
"riyad_as_salihin__1368","unmatched","runtime_reference_missing_trusted_import","1","0","riyadussalihin_1368"
"riyad_as_salihin__1369","unmatched","runtime_reference_missing_trusted_import","1","0","riyadussalihin_1369"
"riyad_as_salihin__1370","unmatched","runtime_reference_missing_trusted_import","1","0","riyadussalihin_1370"
"riyad_as_salihin__1371","unmatched","runtime_reference_missing_trusted_import","1","0","riyadussalihin_1371"
"riyad_as_salihin__1372","unmatched","runtime_reference_missing_trusted_import","1","0","riyadussalihin_1372"
"riyad_as_salihin__1373","unmatched","runtime_reference_missing_trusted_import","1","0","riyadussalihin_1373"
"riyad_as_salihin__1374","unmatched","runtime_reference_missing_trusted_import","1","0","riyadussalihin_1374"
"riyad_as_salihin__1375","unmatched","runtime_reference_missing_trusted_import","1","0","riyadussalihin_1375"
"riyad_as_salihin__1376","unmatched","runtime_reference_missing_trusted_import","1","0","riyadussalihin_1376"
"riyad_as_salihin__1377","unmatched","runtime_reference_missing_trusted_import","1","0","riyadussalihin_1377"
"riyad_as_salihin__1378","unmatched","runtime_reference_missing_trusted_import","1","0","riyadussalihin_1378"
"riyad_as_salihin__1379","unmatched","runtime_reference_missing_trusted_import","1","0","riyadussalihin_1379"
"riyad_as_salihin__1380","unmatched","runtime_reference_missing_trusted_import","1","0","riyadussalihin_1380"
"riyad_as_salihin__1381","unmatched","runtime_reference_missing_trusted_import","1","0","riyadussalihin_1381"
"riyad_as_salihin__1382","unmatched","runtime_reference_missing_trusted_import","1","0","riyadussalihin_1382"
"riyad_as_salihin__1383","unmatched","runtime_reference_missing_trusted_import","1","0","riyadussalihin_1383"
"riyad_as_salihin__1384","unmatched","runtime_reference_missing_trusted_import","1","0","riyadussalihin_1384"
"riyad_as_salihin__1385","unmatched","runtime_reference_missing_trusted_import","1","0","riyadussalihin_1385"
"riyad_as_salihin__1386","unmatched","runtime_reference_missing_trusted_import","1","0","riyadussalihin_1386"
"riyad_as_salihin__1387","unmatched","runtime_reference_missing_trusted_import","1","0","riyadussalihin_1387"
"riyad_as_salihin__1389","unmatched","runtime_reference_missing_trusted_import","1","0","riyadussalihin_1389"
"riyad_as_salihin__1390","unmatched","runtime_reference_missing_trusted_import","1","0","riyadussalihin_1390"
"riyad_as_salihin__1392","unmatched","runtime_reference_missing_trusted_import","1","0","riyadussalihin_1392"
"riyad_as_salihin__1393","unmatched","runtime_reference_missing_trusted_import","1","0","riyadussalihin_1393"
"riyad_as_salihin__1394","unmatched","runtime_reference_missing_trusted_import","1","0","riyadussalihin_1394"
"riyad_as_salihin__1395","unmatched","runtime_reference_missing_trusted_import","1","0","riyadussalihin_1395"
"riyad_as_salihin__1396","unmatched","runtime_reference_missing_trusted_import","1","0","riyadussalihin_1396"
"riyad_as_salihin__1397","unmatched","runtime_reference_missing_trusted_import","1","0","riyadussalihin_1397"
"riyad_as_salihin__1398","unmatched","runtime_reference_missing_trusted_import","1","0","riyadussalihin_1398"
"riyad_as_salihin__1400","unmatched","runtime_reference_missing_trusted_import","1","0","riyadussalihin_1400"
"riyad_as_salihin__1403","unmatched","runtime_reference_missing_trusted_import","1","0","riyadussalihin_1403"
"riyad_as_salihin__1405","unmatched","runtime_reference_missing_trusted_import","1","0","riyadussalihin_1405"
"riyad_as_salihin__1406","unmatched","runtime_reference_missing_trusted_import","1","0","riyadussalihin_1406"
"riyad_as_salihin__1407","unmatched","runtime_reference_missing_trusted_import","1","0","riyadussalihin_1407"
"riyad_as_salihin__1408","unmatched","runtime_reference_missing_trusted_import","1","0","riyadussalihin_1408"
"riyad_as_salihin__1409","unmatched","runtime_reference_missing_trusted_import","1","0","riyadussalihin_1409"
"riyad_as_salihin__1410","unmatched","runtime_reference_missing_trusted_import","1","0","riyadussalihin_1410"
"riyad_as_salihin__1411","unmatched","runtime_reference_missing_trusted_import","1","0","riyadussalihin_1411"
"riyad_as_salihin__1412","unmatched","runtime_reference_missing_trusted_import","1","0","riyadussalihin_1412"
"riyad_as_salihin__1413","unmatched","runtime_reference_missing_trusted_import","1","0","riyadussalihin_1413"
"riyad_as_salihin__1414","unmatched","runtime_reference_missing_trusted_import","1","0","riyadussalihin_1414"
"riyad_as_salihin__1415","unmatched","runtime_reference_missing_trusted_import","1","0","riyadussalihin_1415"
"riyad_as_salihin__1416","unmatched","runtime_reference_missing_trusted_import","1","0","riyadussalihin_1416"
"riyad_as_salihin__1417","unmatched","runtime_reference_missing_trusted_import","1","0","riyadussalihin_1417"
"riyad_as_salihin__1418","unmatched","runtime_reference_missing_trusted_import","1","0","riyadussalihin_1418"
"riyad_as_salihin__1419","unmatched","runtime_reference_missing_trusted_import","1","0","riyadussalihin_1419"
"riyad_as_salihin__1420","unmatched","runtime_reference_missing_trusted_import","1","0","riyadussalihin_1420"
"riyad_as_salihin__1421","unmatched","runtime_reference_missing_trusted_import","1","0","riyadussalihin_1421"
"riyad_as_salihin__1423","unmatched","runtime_reference_missing_trusted_import","1","0","riyadussalihin_1423"
"riyad_as_salihin__1424","unmatched","runtime_reference_missing_trusted_import","1","0","riyadussalihin_1424"
"riyad_as_salihin__1425","unmatched","runtime_reference_missing_trusted_import","1","0","riyadussalihin_1425"
"riyad_as_salihin__1426","unmatched","runtime_reference_missing_trusted_import","1","0","riyadussalihin_1426"
"riyad_as_salihin__1427","unmatched","runtime_reference_missing_trusted_import","1","0","riyadussalihin_1427"
"riyad_as_salihin__1428","unmatched","runtime_reference_missing_trusted_import","1","0","riyadussalihin_1428"
"riyad_as_salihin__1429","unmatched","runtime_reference_missing_trusted_import","1","0","riyadussalihin_1429"
"riyad_as_salihin__1430","unmatched","runtime_reference_missing_trusted_import","1","0","riyadussalihin_1430"
"riyad_as_salihin__1431","unmatched","runtime_reference_missing_trusted_import","1","0","riyadussalihin_1431"
"riyad_as_salihin__1432","unmatched","runtime_reference_missing_trusted_import","1","0","riyadussalihin_1432"
"riyad_as_salihin__1433","unmatched","runtime_reference_missing_trusted_import","1","0","riyadussalihin_1433"
"riyad_as_salihin__1434","unmatched","runtime_reference_missing_trusted_import","1","0","riyadussalihin_1434"
"riyad_as_salihin__1435","unmatched","runtime_reference_missing_trusted_import","1","0","riyadussalihin_1435"
"riyad_as_salihin__1436","unmatched","runtime_reference_missing_trusted_import","1","0","riyadussalihin_1436"
"riyad_as_salihin__1437","unmatched","runtime_reference_missing_trusted_import","1","0","riyadussalihin_1437"
"riyad_as_salihin__1438","unmatched","runtime_reference_missing_trusted_import","1","0","riyadussalihin_1438"
"riyad_as_salihin__1439","unmatched","runtime_reference_missing_trusted_import","1","0","riyadussalihin_1439"
"riyad_as_salihin__1440","unmatched","runtime_reference_missing_trusted_import","1","0","riyadussalihin_1440"
"riyad_as_salihin__1442","unmatched","runtime_reference_missing_trusted_import","1","0","riyadussalihin_1442"
"riyad_as_salihin__1443","unmatched","runtime_reference_missing_trusted_import","1","0","riyadussalihin_1443"
"riyad_as_salihin__1444","unmatched","runtime_reference_missing_trusted_import","1","0","riyadussalihin_1444"
"riyad_as_salihin__1445","unmatched","runtime_reference_missing_trusted_import","1","0","riyadussalihin_1445"
"riyad_as_salihin__1446","unmatched","runtime_reference_missing_trusted_import","1","0","riyadussalihin_1446"
"riyad_as_salihin__1447","unmatched","runtime_reference_missing_trusted_import","1","0","riyadussalihin_1447"
"riyad_as_salihin__1448","unmatched","runtime_reference_missing_trusted_import","1","0","riyadussalihin_1448"
"riyad_as_salihin__1449","unmatched","runtime_reference_missing_trusted_import","1","0","riyadussalihin_1449"
"riyad_as_salihin__1450","unmatched","runtime_reference_missing_trusted_import","1","0","riyadussalihin_1450"
"riyad_as_salihin__1451","unmatched","runtime_reference_missing_trusted_import","1","0","riyadussalihin_1451"
"riyad_as_salihin__1452","unmatched","runtime_reference_missing_trusted_import","1","0","riyadussalihin_1452"
"riyad_as_salihin__1453","unmatched","runtime_reference_missing_trusted_import","1","0","riyadussalihin_1453"
"riyad_as_salihin__1454","unmatched","runtime_reference_missing_trusted_import","1","0","riyadussalihin_1454"
"riyad_as_salihin__1455","unmatched","runtime_reference_missing_trusted_import","1","0","riyadussalihin_1455"
"riyad_as_salihin__1456","unmatched","runtime_reference_missing_trusted_import","1","0","riyadussalihin_1456"
"riyad_as_salihin__1457","unmatched","runtime_reference_missing_trusted_import","1","0","riyadussalihin_1457"
"riyad_as_salihin__1458","unmatched","runtime_reference_missing_trusted_import","1","0","riyadussalihin_1458"
"riyad_as_salihin__1459","unmatched","runtime_reference_missing_trusted_import","1","0","riyadussalihin_1459"
"riyad_as_salihin__1460","unmatched","runtime_reference_missing_trusted_import","1","0","riyadussalihin_1460"
"riyad_as_salihin__1461","unmatched","runtime_reference_missing_trusted_import","1","0","riyadussalihin_1461"
"riyad_as_salihin__1462","unmatched","runtime_reference_missing_trusted_import","1","0","riyadussalihin_1462"
"riyad_as_salihin__1463","unmatched","runtime_reference_missing_trusted_import","1","0","riyadussalihin_1463"
"riyad_as_salihin__1464","unmatched","runtime_reference_missing_trusted_import","1","0","riyadussalihin_1464"
"riyad_as_salihin__1467","unmatched","runtime_reference_missing_trusted_import","1","0","riyadussalihin_1467"
"riyad_as_salihin__1468","unmatched","runtime_reference_missing_trusted_import","1","0","riyadussalihin_1468"
"riyad_as_salihin__1469","unmatched","runtime_reference_missing_trusted_import","1","0","riyadussalihin_1469"
"riyad_as_salihin__1470","unmatched","runtime_reference_missing_trusted_import","1","0","riyadussalihin_1470"
"riyad_as_salihin__1471","unmatched","runtime_reference_missing_trusted_import","1","0","riyadussalihin_1471"
"riyad_as_salihin__1472","unmatched","runtime_reference_missing_trusted_import","1","0","riyadussalihin_1472"
"riyad_as_salihin__1473","unmatched","runtime_reference_missing_trusted_import","1","0","riyadussalihin_1473"
"riyad_as_salihin__1474","unmatched","runtime_reference_missing_trusted_import","1","0","riyadussalihin_1474"
"riyad_as_salihin__1475","unmatched","runtime_reference_missing_trusted_import","1","0","riyadussalihin_1475"
"riyad_as_salihin__1476","unmatched","runtime_reference_missing_trusted_import","1","0","riyadussalihin_1476"
"riyad_as_salihin__1477","unmatched","runtime_reference_missing_trusted_import","1","0","riyadussalihin_1477"
"riyad_as_salihin__1478","unmatched","runtime_reference_missing_trusted_import","1","0","riyadussalihin_1478"
"riyad_as_salihin__1479","unmatched","runtime_reference_missing_trusted_import","1","0","riyadussalihin_1479"
"riyad_as_salihin__1480","unmatched","runtime_reference_missing_trusted_import","1","0","riyadussalihin_1480"
"riyad_as_salihin__1481","unmatched","runtime_reference_missing_trusted_import","1","0","riyadussalihin_1481"
"riyad_as_salihin__1482","unmatched","runtime_reference_missing_trusted_import","1","0","riyadussalihin_1482"
"riyad_as_salihin__1483","unmatched","runtime_reference_missing_trusted_import","1","0","riyadussalihin_1483"
"riyad_as_salihin__1486","unmatched","runtime_reference_missing_trusted_import","1","0","riyadussalihin_1486"
"riyad_as_salihin__1487","unmatched","runtime_reference_missing_trusted_import","1","0","riyadussalihin_1487"
"riyad_as_salihin__1488","unmatched","runtime_reference_missing_trusted_import","1","0","riyadussalihin_1488"
"riyad_as_salihin__1489","unmatched","runtime_reference_missing_trusted_import","1","0","riyadussalihin_1489"
"riyad_as_salihin__1490","unmatched","runtime_reference_missing_trusted_import","1","0","riyadussalihin_1490"
"riyad_as_salihin__1492","unmatched","runtime_reference_missing_trusted_import","1","0","riyadussalihin_1492"
"riyad_as_salihin__1494","unmatched","runtime_reference_missing_trusted_import","1","0","riyadussalihin_1494"
"riyad_as_salihin__1495","unmatched","runtime_reference_missing_trusted_import","1","0","riyadussalihin_1495"
"riyad_as_salihin__1496","unmatched","runtime_reference_missing_trusted_import","1","0","riyadussalihin_1496"
"riyad_as_salihin__1497","unmatched","runtime_reference_missing_trusted_import","1","0","riyadussalihin_1497"
"riyad_as_salihin__1498","unmatched","runtime_reference_missing_trusted_import","1","0","riyadussalihin_1498"
"riyad_as_salihin__1499","unmatched","runtime_reference_missing_trusted_import","1","0","riyadussalihin_1499"
"riyad_as_salihin__1500","unmatched","runtime_reference_missing_trusted_import","1","0","riyadussalihin_1500"
"riyad_as_salihin__1501","unmatched","runtime_reference_missing_trusted_import","1","0","riyadussalihin_1501"
"riyad_as_salihin__1502","unmatched","runtime_reference_missing_trusted_import","1","0","riyadussalihin_1502"
"riyad_as_salihin__1503","unmatched","runtime_reference_missing_trusted_import","1","0","riyadussalihin_1503"
"riyad_as_salihin__1504","unmatched","runtime_reference_missing_trusted_import","1","0","riyadussalihin_1504"
"riyad_as_salihin__1505","unmatched","runtime_reference_missing_trusted_import","1","0","riyadussalihin_1505"
"riyad_as_salihin__1506","unmatched","runtime_reference_missing_trusted_import","1","0","riyadussalihin_1506"
"riyad_as_salihin__1507","unmatched","runtime_reference_missing_trusted_import","1","0","riyadussalihin_1507"
"riyad_as_salihin__1508","unmatched","runtime_reference_missing_trusted_import","1","0","riyadussalihin_1508"
"riyad_as_salihin__1509","unmatched","runtime_reference_missing_trusted_import","1","0","riyadussalihin_1509"
"riyad_as_salihin__1510","unmatched","runtime_reference_missing_trusted_import","1","0","riyadussalihin_1510"
"riyad_as_salihin__1511","unmatched","runtime_reference_missing_trusted_import","1","0","riyadussalihin_1511"
"riyad_as_salihin__1512","unmatched","runtime_reference_missing_trusted_import","1","0","riyadussalihin_1512"
"riyad_as_salihin__1513","unmatched","runtime_reference_missing_trusted_import","1","0","riyadussalihin_1513"
"riyad_as_salihin__1514","unmatched","runtime_reference_missing_trusted_import","1","0","riyadussalihin_1514"
"riyad_as_salihin__1515","unmatched","runtime_reference_missing_trusted_import","1","0","riyadussalihin_1515"
"riyad_as_salihin__1516","unmatched","runtime_reference_missing_trusted_import","1","0","riyadussalihin_1516"
"riyad_as_salihin__1517","unmatched","runtime_reference_missing_trusted_import","1","0","riyadussalihin_1517"
"riyad_as_salihin__1519","unmatched","runtime_reference_missing_trusted_import","1","0","riyadussalihin_1519"
"riyad_as_salihin__1520","unmatched","runtime_reference_missing_trusted_import","1","0","riyadussalihin_1520"
"riyad_as_salihin__1522","unmatched","runtime_reference_missing_trusted_import","1","0","riyadussalihin_1522"
"riyad_as_salihin__1523","unmatched","runtime_reference_missing_trusted_import","1","0","riyadussalihin_1523"
"riyad_as_salihin__1524","unmatched","runtime_reference_missing_trusted_import","1","0","riyadussalihin_1524"
"riyad_as_salihin__1525","unmatched","runtime_reference_missing_trusted_import","1","0","riyadussalihin_1525"
"riyad_as_salihin__1527","unmatched","runtime_reference_missing_trusted_import","1","0","riyadussalihin_1527"
"riyad_as_salihin__1528","unmatched","runtime_reference_missing_trusted_import","1","0","riyadussalihin_1528"
"riyad_as_salihin__1529","unmatched","runtime_reference_missing_trusted_import","1","0","riyadussalihin_1529"
"riyad_as_salihin__1530","unmatched","runtime_reference_missing_trusted_import","1","0","riyadussalihin_1530"
"riyad_as_salihin__1531","unmatched","runtime_reference_missing_trusted_import","1","0","riyadussalihin_1531"
"riyad_as_salihin__1532","unmatched","runtime_reference_missing_trusted_import","1","0","riyadussalihin_1532"
"riyad_as_salihin__1533","unmatched","runtime_reference_missing_trusted_import","1","0","riyadussalihin_1533"
"riyad_as_salihin__1534","unmatched","runtime_reference_missing_trusted_import","1","0","riyadussalihin_1534"
"riyad_as_salihin__1535","unmatched","runtime_reference_missing_trusted_import","1","0","riyadussalihin_1535"
"riyad_as_salihin__1536","unmatched","runtime_reference_missing_trusted_import","1","0","riyadussalihin_1536"
"riyad_as_salihin__1537","unmatched","runtime_reference_missing_trusted_import","1","0","riyadussalihin_1537"
"riyad_as_salihin__1538","unmatched","runtime_reference_missing_trusted_import","1","0","riyadussalihin_1538"
"riyad_as_salihin__1540","unmatched","runtime_reference_missing_trusted_import","1","0","riyadussalihin_1540"
"riyad_as_salihin__1541","unmatched","runtime_reference_missing_trusted_import","1","0","riyadussalihin_1541"
"riyad_as_salihin__1542","unmatched","runtime_reference_missing_trusted_import","1","0","riyadussalihin_1542"
"riyad_as_salihin__1543","unmatched","runtime_reference_missing_trusted_import","1","0","riyadussalihin_1543"
"riyad_as_salihin__1544","unmatched","runtime_reference_missing_trusted_import","1","0","riyadussalihin_1544"
"riyad_as_salihin__1545","unmatched","runtime_reference_missing_trusted_import","1","0","riyadussalihin_1545"
"riyad_as_salihin__1546","unmatched","runtime_reference_missing_trusted_import","1","0","riyadussalihin_1546"
"riyad_as_salihin__1547","unmatched","runtime_reference_missing_trusted_import","1","0","riyadussalihin_1547"
"riyad_as_salihin__1548","unmatched","runtime_reference_missing_trusted_import","1","0","riyadussalihin_1548"
"riyad_as_salihin__1549","unmatched","runtime_reference_missing_trusted_import","1","0","riyadussalihin_1549"
"riyad_as_salihin__1550","unmatched","runtime_reference_missing_trusted_import","1","0","riyadussalihin_1550"
"riyad_as_salihin__1551","unmatched","runtime_reference_missing_trusted_import","1","0","riyadussalihin_1551"
"riyad_as_salihin__1552","unmatched","runtime_reference_missing_trusted_import","1","0","riyadussalihin_1552"
"riyad_as_salihin__1553","unmatched","runtime_reference_missing_trusted_import","1","0","riyadussalihin_1553"
"riyad_as_salihin__1554","unmatched","runtime_reference_missing_trusted_import","1","0","riyadussalihin_1554"
"riyad_as_salihin__1555","unmatched","runtime_reference_missing_trusted_import","1","0","riyadussalihin_1555"
"riyad_as_salihin__1557","unmatched","runtime_reference_missing_trusted_import","1","0","riyadussalihin_1557"
"riyad_as_salihin__1558","unmatched","runtime_reference_missing_trusted_import","1","0","riyadussalihin_1558"
"riyad_as_salihin__1559","unmatched","runtime_reference_missing_trusted_import","1","0","riyadussalihin_1559"
"riyad_as_salihin__1560","unmatched","runtime_reference_missing_trusted_import","1","0","riyadussalihin_1560"
"riyad_as_salihin__1561","unmatched","runtime_reference_missing_trusted_import","1","0","riyadussalihin_1561"
"riyad_as_salihin__1562","unmatched","runtime_reference_missing_trusted_import","1","0","riyadussalihin_1562"
"riyad_as_salihin__1563","unmatched","runtime_reference_missing_trusted_import","1","0","riyadussalihin_1563"
"riyad_as_salihin__1564","unmatched","runtime_reference_missing_trusted_import","1","0","riyadussalihin_1564"
"riyad_as_salihin__1565","unmatched","runtime_reference_missing_trusted_import","1","0","riyadussalihin_1565"
"riyad_as_salihin__1566","unmatched","runtime_reference_missing_trusted_import","1","0","riyadussalihin_1566"
"riyad_as_salihin__1567","unmatched","runtime_reference_missing_trusted_import","1","0","riyadussalihin_1567"
"riyad_as_salihin__1568","unmatched","runtime_reference_missing_trusted_import","1","0","riyadussalihin_1568"
"riyad_as_salihin__1570","unmatched","runtime_reference_missing_trusted_import","1","0","riyadussalihin_1570"
"riyad_as_salihin__1572","unmatched","runtime_reference_missing_trusted_import","1","0","riyadussalihin_1572"
"riyad_as_salihin__1573","unmatched","runtime_reference_missing_trusted_import","1","0","riyadussalihin_1573"
"riyad_as_salihin__1574","unmatched","runtime_reference_missing_trusted_import","1","0","riyadussalihin_1574"
"riyad_as_salihin__1575","unmatched","runtime_reference_missing_trusted_import","1","0","riyadussalihin_1575"
"riyad_as_salihin__1576","unmatched","runtime_reference_missing_trusted_import","1","0","riyadussalihin_1576"
"riyad_as_salihin__1577","unmatched","runtime_reference_missing_trusted_import","1","0","riyadussalihin_1577"
"riyad_as_salihin__1578","unmatched","runtime_reference_missing_trusted_import","1","0","riyadussalihin_1578"
"riyad_as_salihin__1579","unmatched","runtime_reference_missing_trusted_import","1","0","riyadussalihin_1579"
"riyad_as_salihin__1580","unmatched","runtime_reference_missing_trusted_import","1","0","riyadussalihin_1580"
"riyad_as_salihin__1581","unmatched","runtime_reference_missing_trusted_import","1","0","riyadussalihin_1581"
"riyad_as_salihin__1582","unmatched","runtime_reference_missing_trusted_import","1","0","riyadussalihin_1582"
"riyad_as_salihin__1584","unmatched","runtime_reference_missing_trusted_import","1","0","riyadussalihin_1584"
"riyad_as_salihin__1585","unmatched","runtime_reference_missing_trusted_import","1","0","riyadussalihin_1585"
"riyad_as_salihin__1586","unmatched","runtime_reference_missing_trusted_import","1","0","riyadussalihin_1586"
"riyad_as_salihin__1587","unmatched","runtime_reference_missing_trusted_import","1","0","riyadussalihin_1587"
"riyad_as_salihin__1588","unmatched","runtime_reference_missing_trusted_import","1","0","riyadussalihin_1588"
"riyad_as_salihin__1589","unmatched","runtime_reference_missing_trusted_import","1","0","riyadussalihin_1589"
"riyad_as_salihin__1590","unmatched","runtime_reference_missing_trusted_import","1","0","riyadussalihin_1590"
"riyad_as_salihin__1591","unmatched","runtime_reference_missing_trusted_import","1","0","riyadussalihin_1591"
"riyad_as_salihin__1592","unmatched","runtime_reference_missing_trusted_import","1","0","riyadussalihin_1592"
"riyad_as_salihin__1593","unmatched","runtime_reference_missing_trusted_import","1","0","riyadussalihin_1593"
"riyad_as_salihin__1594","unmatched","runtime_reference_missing_trusted_import","1","0","riyadussalihin_1594"
"riyad_as_salihin__1595","unmatched","runtime_reference_missing_trusted_import","1","0","riyadussalihin_1595"
"riyad_as_salihin__1597","unmatched","runtime_reference_missing_trusted_import","1","0","riyadussalihin_1597"
"riyad_as_salihin__1598","unmatched","runtime_reference_missing_trusted_import","1","0","riyadussalihin_1598"
"riyad_as_salihin__1599","unmatched","runtime_reference_missing_trusted_import","1","0","riyadussalihin_1599"
"riyad_as_salihin__1600","unmatched","runtime_reference_missing_trusted_import","1","0","riyadussalihin_1600"
"riyad_as_salihin__1601","unmatched","runtime_reference_missing_trusted_import","1","0","riyadussalihin_1601"
"riyad_as_salihin__1602","unmatched","runtime_reference_missing_trusted_import","1","0","riyadussalihin_1602"
"riyad_as_salihin__1603","unmatched","runtime_reference_missing_trusted_import","1","0","riyadussalihin_1603"
"riyad_as_salihin__1604","unmatched","runtime_reference_missing_trusted_import","1","0","riyadussalihin_1604"
"riyad_as_salihin__1605","unmatched","runtime_reference_missing_trusted_import","1","0","riyadussalihin_1605"
"riyad_as_salihin__1606","unmatched","runtime_reference_missing_trusted_import","1","0","riyadussalihin_1606"
"riyad_as_salihin__1607","unmatched","runtime_reference_missing_trusted_import","1","0","riyadussalihin_1607"
"riyad_as_salihin__1608","unmatched","runtime_reference_missing_trusted_import","1","0","riyadussalihin_1608"
"riyad_as_salihin__1609","unmatched","runtime_reference_missing_trusted_import","1","0","riyadussalihin_1609"
"riyad_as_salihin__1611","unmatched","runtime_reference_missing_trusted_import","1","0","riyadussalihin_1611"
"riyad_as_salihin__1612","unmatched","runtime_reference_missing_trusted_import","1","0","riyadussalihin_1612"
"riyad_as_salihin__1613","unmatched","runtime_reference_missing_trusted_import","1","0","riyadussalihin_1613"
"riyad_as_salihin__1614","unmatched","runtime_reference_missing_trusted_import","1","0","riyadussalihin_1614"
"riyad_as_salihin__1615","unmatched","runtime_reference_missing_trusted_import","1","0","riyadussalihin_1615"
"riyad_as_salihin__1616","unmatched","runtime_reference_missing_trusted_import","1","0","riyadussalihin_1616"
"riyad_as_salihin__1617","unmatched","runtime_reference_missing_trusted_import","1","0","riyadussalihin_1617"
"riyad_as_salihin__1618","unmatched","runtime_reference_missing_trusted_import","1","0","riyadussalihin_1618"
"riyad_as_salihin__1619","unmatched","runtime_reference_missing_trusted_import","1","0","riyadussalihin_1619"
"riyad_as_salihin__1621","unmatched","runtime_reference_missing_trusted_import","1","0","riyadussalihin_1621"
"riyad_as_salihin__1622","unmatched","runtime_reference_missing_trusted_import","1","0","riyadussalihin_1622"
"riyad_as_salihin__1623","unmatched","runtime_reference_missing_trusted_import","1","0","riyadussalihin_1623"
"riyad_as_salihin__1624","unmatched","runtime_reference_missing_trusted_import","1","0","riyadussalihin_1624"
"riyad_as_salihin__1625","unmatched","runtime_reference_missing_trusted_import","1","0","riyadussalihin_1625"
"riyad_as_salihin__1626","unmatched","runtime_reference_missing_trusted_import","1","0","riyadussalihin_1626"
"riyad_as_salihin__1627","unmatched","runtime_reference_missing_trusted_import","1","0","riyadussalihin_1627"
"riyad_as_salihin__1628","unmatched","runtime_reference_missing_trusted_import","1","0","riyadussalihin_1628"
"riyad_as_salihin__1629","unmatched","runtime_reference_missing_trusted_import","1","0","riyadussalihin_1629"
"riyad_as_salihin__1630","unmatched","runtime_reference_missing_trusted_import","1","0","riyadussalihin_1630"
"riyad_as_salihin__1631","unmatched","runtime_reference_missing_trusted_import","1","0","riyadussalihin_1631"
"riyad_as_salihin__1633","unmatched","runtime_reference_missing_trusted_import","1","0","riyadussalihin_1633"
"riyad_as_salihin__1634","unmatched","runtime_reference_missing_trusted_import","1","0","riyadussalihin_1634"
"riyad_as_salihin__1635","unmatched","runtime_reference_missing_trusted_import","1","0","riyadussalihin_1635"
"riyad_as_salihin__1636","unmatched","runtime_reference_missing_trusted_import","1","0","riyadussalihin_1636"
"riyad_as_salihin__1637","unmatched","runtime_reference_missing_trusted_import","1","0","riyadussalihin_1637"
"riyad_as_salihin__1638","unmatched","runtime_reference_missing_trusted_import","1","0","riyadussalihin_1638"
"riyad_as_salihin__1639","unmatched","runtime_reference_missing_trusted_import","1","0","riyadussalihin_1639"
"riyad_as_salihin__1642","unmatched","runtime_reference_missing_trusted_import","1","0","riyadussalihin_1642"
"riyad_as_salihin__1644","unmatched","runtime_reference_missing_trusted_import","1","0","riyadussalihin_1644"
"riyad_as_salihin__1645","unmatched","runtime_reference_missing_trusted_import","1","0","riyadussalihin_1645"
"riyad_as_salihin__1646","unmatched","runtime_reference_missing_trusted_import","1","0","riyadussalihin_1646"
"riyad_as_salihin__1647","unmatched","runtime_reference_missing_trusted_import","1","0","riyadussalihin_1647"
"riyad_as_salihin__1648","unmatched","runtime_reference_missing_trusted_import","1","0","riyadussalihin_1648"
"riyad_as_salihin__1649","unmatched","runtime_reference_missing_trusted_import","1","0","riyadussalihin_1649"
"riyad_as_salihin__1650","unmatched","runtime_reference_missing_trusted_import","1","0","riyadussalihin_1650"
"riyad_as_salihin__1652","unmatched","runtime_reference_missing_trusted_import","1","0","riyadussalihin_1652"
"riyad_as_salihin__1653","unmatched","runtime_reference_missing_trusted_import","1","0","riyadussalihin_1653"
"riyad_as_salihin__1654","unmatched","runtime_reference_missing_trusted_import","1","0","riyadussalihin_1654"
"riyad_as_salihin__1655","unmatched","runtime_reference_missing_trusted_import","1","0","riyadussalihin_1655"
"riyad_as_salihin__1656","unmatched","runtime_reference_missing_trusted_import","1","0","riyadussalihin_1656"
"riyad_as_salihin__1657","unmatched","runtime_reference_missing_trusted_import","1","0","riyadussalihin_1657"
"riyad_as_salihin__1658","unmatched","runtime_reference_missing_trusted_import","1","0","riyadussalihin_1658"
"riyad_as_salihin__1659","unmatched","runtime_reference_missing_trusted_import","1","0","riyadussalihin_1659"
"riyad_as_salihin__1660","unmatched","runtime_reference_missing_trusted_import","1","0","riyadussalihin_1660"
"riyad_as_salihin__1661","unmatched","runtime_reference_missing_trusted_import","1","0","riyadussalihin_1661"
"riyad_as_salihin__1662","unmatched","runtime_reference_missing_trusted_import","1","0","riyadussalihin_1662"
"riyad_as_salihin__1663","unmatched","runtime_reference_missing_trusted_import","1","0","riyadussalihin_1663"
"riyad_as_salihin__1664","unmatched","runtime_reference_missing_trusted_import","1","0","riyadussalihin_1664"
"riyad_as_salihin__1666","unmatched","runtime_reference_missing_trusted_import","1","0","riyadussalihin_1666"
"riyad_as_salihin__1667","unmatched","runtime_reference_missing_trusted_import","1","0","riyadussalihin_1667"
"riyad_as_salihin__1668","unmatched","runtime_reference_missing_trusted_import","1","0","riyadussalihin_1668"
"riyad_as_salihin__1669","unmatched","runtime_reference_missing_trusted_import","1","0","riyadussalihin_1669"
"riyad_as_salihin__1672","unmatched","runtime_reference_missing_trusted_import","1","0","riyadussalihin_1672"
"riyad_as_salihin__1673","unmatched","runtime_reference_missing_trusted_import","1","0","riyadussalihin_1673"
"riyad_as_salihin__1674","unmatched","runtime_reference_missing_trusted_import","1","0","riyadussalihin_1674"
"riyad_as_salihin__1675","unmatched","runtime_reference_missing_trusted_import","1","0","riyadussalihin_1675"
"riyad_as_salihin__1678","unmatched","runtime_reference_missing_trusted_import","1","0","riyadussalihin_1678"
"riyad_as_salihin__1679","unmatched","runtime_reference_missing_trusted_import","1","0","riyadussalihin_1679"
"riyad_as_salihin__1680","unmatched","runtime_reference_missing_trusted_import","1","0","riyadussalihin_1680"
"riyad_as_salihin__1681","unmatched","runtime_reference_missing_trusted_import","1","0","riyadussalihin_1681"
"riyad_as_salihin__1682","unmatched","runtime_reference_missing_trusted_import","1","0","riyadussalihin_1682"
"riyad_as_salihin__1683","unmatched","runtime_reference_missing_trusted_import","1","0","riyadussalihin_1683"
"riyad_as_salihin__1684","unmatched","runtime_reference_missing_trusted_import","1","0","riyadussalihin_1684"
"riyad_as_salihin__1685","unmatched","runtime_reference_missing_trusted_import","1","0","riyadussalihin_1685"
"riyad_as_salihin__1686","unmatched","runtime_reference_missing_trusted_import","1","0","riyadussalihin_1686"
"riyad_as_salihin__1687","unmatched","runtime_reference_missing_trusted_import","1","0","riyadussalihin_1687"
"riyad_as_salihin__1688","unmatched","runtime_reference_missing_trusted_import","1","0","riyadussalihin_1688"
"riyad_as_salihin__1689","unmatched","runtime_reference_missing_trusted_import","1","0","riyadussalihin_1689"
"riyad_as_salihin__1690","unmatched","runtime_reference_missing_trusted_import","1","0","riyadussalihin_1690"
"riyad_as_salihin__1691","unmatched","runtime_reference_missing_trusted_import","1","0","riyadussalihin_1691"
"riyad_as_salihin__1693","unmatched","runtime_reference_missing_trusted_import","1","0","riyadussalihin_1693"
"riyad_as_salihin__1694","unmatched","runtime_reference_missing_trusted_import","1","0","riyadussalihin_1694"
"riyad_as_salihin__1695","unmatched","runtime_reference_missing_trusted_import","1","0","riyadussalihin_1695"
"riyad_as_salihin__1696","unmatched","runtime_reference_missing_trusted_import","1","0","riyadussalihin_1696"
"riyad_as_salihin__1698","unmatched","runtime_reference_missing_trusted_import","1","0","riyadussalihin_1698"
"riyad_as_salihin__1699","unmatched","runtime_reference_missing_trusted_import","1","0","riyadussalihin_1699"
"riyad_as_salihin__1700","unmatched","runtime_reference_missing_trusted_import","1","0","riyadussalihin_1700"
"riyad_as_salihin__1701","unmatched","runtime_reference_missing_trusted_import","1","0","riyadussalihin_1701"
"riyad_as_salihin__1702","unmatched","runtime_reference_missing_trusted_import","1","0","riyadussalihin_1702"
"riyad_as_salihin__1703","unmatched","runtime_reference_missing_trusted_import","1","0","riyadussalihin_1703"
"riyad_as_salihin__1704","unmatched","runtime_reference_missing_trusted_import","1","0","riyadussalihin_1704"
"riyad_as_salihin__1705","unmatched","runtime_reference_missing_trusted_import","1","0","riyadussalihin_1705"
"riyad_as_salihin__1706","unmatched","runtime_reference_missing_trusted_import","1","0","riyadussalihin_1706"
"riyad_as_salihin__1707","unmatched","runtime_reference_missing_trusted_import","1","0","riyadussalihin_1707"
"riyad_as_salihin__1708","unmatched","runtime_reference_missing_trusted_import","1","0","riyadussalihin_1708"
"riyad_as_salihin__1709","unmatched","runtime_reference_missing_trusted_import","1","0","riyadussalihin_1709"
"riyad_as_salihin__1711","unmatched","runtime_reference_missing_trusted_import","1","0","riyadussalihin_1711"
"riyad_as_salihin__1712","unmatched","runtime_reference_missing_trusted_import","1","0","riyadussalihin_1712"
"riyad_as_salihin__1713","unmatched","runtime_reference_missing_trusted_import","1","0","riyadussalihin_1713"
"riyad_as_salihin__1714","unmatched","runtime_reference_missing_trusted_import","1","0","riyadussalihin_1714"
"riyad_as_salihin__1715","unmatched","runtime_reference_missing_trusted_import","1","0","riyadussalihin_1715"
"riyad_as_salihin__1716","unmatched","runtime_reference_missing_trusted_import","1","0","riyadussalihin_1716"
"riyad_as_salihin__1717","unmatched","runtime_reference_missing_trusted_import","1","0","riyadussalihin_1717"
"riyad_as_salihin__1718","unmatched","runtime_reference_missing_trusted_import","1","0","riyadussalihin_1718"
"riyad_as_salihin__1719","unmatched","runtime_reference_missing_trusted_import","1","0","riyadussalihin_1719"
"riyad_as_salihin__1720","unmatched","runtime_reference_missing_trusted_import","1","0","riyadussalihin_1720"
"riyad_as_salihin__1721","unmatched","runtime_reference_missing_trusted_import","1","0","riyadussalihin_1721"
"riyad_as_salihin__1724","unmatched","runtime_reference_missing_trusted_import","1","0","riyadussalihin_1724"
"riyad_as_salihin__1726","unmatched","runtime_reference_missing_trusted_import","1","0","riyadussalihin_1726"
"riyad_as_salihin__1727","unmatched","runtime_reference_missing_trusted_import","1","0","riyadussalihin_1727"
"riyad_as_salihin__1729","unmatched","runtime_reference_missing_trusted_import","1","0","riyadussalihin_1729"
"riyad_as_salihin__1731","unmatched","runtime_reference_missing_trusted_import","1","0","riyadussalihin_1731"
"riyad_as_salihin__1732","unmatched","runtime_reference_missing_trusted_import","1","0","riyadussalihin_1732"
"riyad_as_salihin__1733","unmatched","runtime_reference_missing_trusted_import","1","0","riyadussalihin_1733"
"riyad_as_salihin__1734","unmatched","runtime_reference_missing_trusted_import","1","0","riyadussalihin_1734"
"riyad_as_salihin__1735","unmatched","runtime_reference_missing_trusted_import","1","0","riyadussalihin_1735"
"riyad_as_salihin__1736","unmatched","runtime_reference_missing_trusted_import","1","0","riyadussalihin_1736"
"riyad_as_salihin__1737","unmatched","runtime_reference_missing_trusted_import","1","0","riyadussalihin_1737"
"riyad_as_salihin__1738","unmatched","runtime_reference_missing_trusted_import","1","0","riyadussalihin_1738"
"riyad_as_salihin__1739","unmatched","runtime_reference_missing_trusted_import","1","0","riyadussalihin_1739"
"riyad_as_salihin__1740","unmatched","runtime_reference_missing_trusted_import","1","0","riyadussalihin_1740"
"riyad_as_salihin__1741","unmatched","runtime_reference_missing_trusted_import","1","0","riyadussalihin_1741"
"riyad_as_salihin__1742","unmatched","runtime_reference_missing_trusted_import","1","0","riyadussalihin_1742"
"riyad_as_salihin__1743","unmatched","runtime_reference_missing_trusted_import","1","0","riyadussalihin_1743"
"riyad_as_salihin__1744","unmatched","runtime_reference_missing_trusted_import","1","0","riyadussalihin_1744"
"riyad_as_salihin__1745","unmatched","runtime_reference_missing_trusted_import","1","0","riyadussalihin_1745"
"riyad_as_salihin__1746","unmatched","runtime_reference_missing_trusted_import","1","0","riyadussalihin_1746"
"riyad_as_salihin__1747","unmatched","runtime_reference_missing_trusted_import","1","0","riyadussalihin_1747"
"riyad_as_salihin__1748","unmatched","runtime_reference_missing_trusted_import","1","0","riyadussalihin_1748"
"riyad_as_salihin__1749","unmatched","runtime_reference_missing_trusted_import","1","0","riyadussalihin_1749"
"riyad_as_salihin__1750","unmatched","runtime_reference_missing_trusted_import","1","0","riyadussalihin_1750"
"riyad_as_salihin__1751","unmatched","runtime_reference_missing_trusted_import","1","0","riyadussalihin_1751"
"riyad_as_salihin__1752","unmatched","runtime_reference_missing_trusted_import","1","0","riyadussalihin_1752"
"riyad_as_salihin__1753","unmatched","runtime_reference_missing_trusted_import","1","0","riyadussalihin_1753"
"riyad_as_salihin__1754","unmatched","runtime_reference_missing_trusted_import","1","0","riyadussalihin_1754"
"riyad_as_salihin__1755","unmatched","runtime_reference_missing_trusted_import","1","0","riyadussalihin_1755"
"riyad_as_salihin__1756","unmatched","runtime_reference_missing_trusted_import","1","0","riyadussalihin_1756"
"riyad_as_salihin__1757","unmatched","runtime_reference_missing_trusted_import","1","0","riyadussalihin_1757"
"riyad_as_salihin__1758","unmatched","runtime_reference_missing_trusted_import","1","0","riyadussalihin_1758"
"riyad_as_salihin__1759","unmatched","runtime_reference_missing_trusted_import","1","0","riyadussalihin_1759"
"riyad_as_salihin__1760","unmatched","runtime_reference_missing_trusted_import","1","0","riyadussalihin_1760"
"riyad_as_salihin__1761","unmatched","runtime_reference_missing_trusted_import","1","0","riyadussalihin_1761"
"riyad_as_salihin__1762","unmatched","runtime_reference_missing_trusted_import","1","0","riyadussalihin_1762"
"riyad_as_salihin__1763","unmatched","runtime_reference_missing_trusted_import","1","0","riyadussalihin_1763"
"riyad_as_salihin__1764","unmatched","runtime_reference_missing_trusted_import","1","0","riyadussalihin_1764"
"riyad_as_salihin__1765","unmatched","runtime_reference_missing_trusted_import","1","0","riyadussalihin_1765"
"riyad_as_salihin__1766","unmatched","runtime_reference_missing_trusted_import","1","0","riyadussalihin_1766"
"riyad_as_salihin__1767","unmatched","runtime_reference_missing_trusted_import","1","0","riyadussalihin_1767"
"riyad_as_salihin__1768","unmatched","runtime_reference_missing_trusted_import","1","0","riyadussalihin_1768"
"riyad_as_salihin__1769","unmatched","runtime_reference_missing_trusted_import","1","0","riyadussalihin_1769"
"riyad_as_salihin__1770","unmatched","runtime_reference_missing_trusted_import","1","0","riyadussalihin_1770"
"riyad_as_salihin__1771","unmatched","runtime_reference_missing_trusted_import","1","0","riyadussalihin_1771"
"riyad_as_salihin__1772","unmatched","runtime_reference_missing_trusted_import","1","0","riyadussalihin_1772"
"riyad_as_salihin__1773","unmatched","runtime_reference_missing_trusted_import","1","0","riyadussalihin_1773"
"riyad_as_salihin__1774","unmatched","runtime_reference_missing_trusted_import","1","0","riyadussalihin_1774"
"riyad_as_salihin__1775","unmatched","runtime_reference_missing_trusted_import","1","0","riyadussalihin_1775"
"riyad_as_salihin__1776","unmatched","runtime_reference_missing_trusted_import","1","0","riyadussalihin_1776"
"riyad_as_salihin__1777","unmatched","runtime_reference_missing_trusted_import","1","0","riyadussalihin_1777"
"riyad_as_salihin__1778","unmatched","runtime_reference_missing_trusted_import","1","0","riyadussalihin_1778"
"riyad_as_salihin__1779","unmatched","runtime_reference_missing_trusted_import","1","0","riyadussalihin_1779"
"riyad_as_salihin__1780","unmatched","runtime_reference_missing_trusted_import","1","0","riyadussalihin_1780"
"riyad_as_salihin__1781","unmatched","runtime_reference_missing_trusted_import","1","0","riyadussalihin_1781"
"riyad_as_salihin__1782","unmatched","runtime_reference_missing_trusted_import","1","0","riyadussalihin_1782"
"riyad_as_salihin__1783","unmatched","runtime_reference_missing_trusted_import","1","0","riyadussalihin_1783"
"riyad_as_salihin__1784","unmatched","runtime_reference_missing_trusted_import","1","0","riyadussalihin_1784"
"riyad_as_salihin__1785","unmatched","runtime_reference_missing_trusted_import","1","0","riyadussalihin_1785"
"riyad_as_salihin__1786","unmatched","runtime_reference_missing_trusted_import","1","0","riyadussalihin_1786"
"riyad_as_salihin__1787","unmatched","runtime_reference_missing_trusted_import","1","0","riyadussalihin_1787"
"riyad_as_salihin__1788","unmatched","runtime_reference_missing_trusted_import","1","0","riyadussalihin_1788"
"riyad_as_salihin__1789","unmatched","runtime_reference_missing_trusted_import","1","0","riyadussalihin_1789"
"riyad_as_salihin__1790","unmatched","runtime_reference_missing_trusted_import","1","0","riyadussalihin_1790"
"riyad_as_salihin__1791","unmatched","runtime_reference_missing_trusted_import","1","0","riyadussalihin_1791"
"riyad_as_salihin__1792","unmatched","runtime_reference_missing_trusted_import","1","0","riyadussalihin_1792"
"riyad_as_salihin__1793","unmatched","runtime_reference_missing_trusted_import","1","0","riyadussalihin_1793"
"riyad_as_salihin__1794","unmatched","runtime_reference_missing_trusted_import","1","0","riyadussalihin_1794"
"riyad_as_salihin__1795","unmatched","runtime_reference_missing_trusted_import","1","0","riyadussalihin_1795"
"riyad_as_salihin__1796","unmatched","runtime_reference_missing_trusted_import","1","0","riyadussalihin_1796"
"riyad_as_salihin__1798","unmatched","runtime_reference_missing_trusted_import","1","0","riyadussalihin_1798"
"riyad_as_salihin__1799","unmatched","runtime_reference_missing_trusted_import","1","0","riyadussalihin_1799"
"riyad_as_salihin__1800","unmatched","runtime_reference_missing_trusted_import","1","0","riyadussalihin_1800"
"riyad_as_salihin__1801","unmatched","runtime_reference_missing_trusted_import","1","0","riyadussalihin_1801"
"riyad_as_salihin__1802","unmatched","runtime_reference_missing_trusted_import","1","0","riyadussalihin_1802"
"riyad_as_salihin__1803","unmatched","runtime_reference_missing_trusted_import","1","0","riyadussalihin_1803"
"riyad_as_salihin__1804","unmatched","runtime_reference_missing_trusted_import","1","0","riyadussalihin_1804"
"riyad_as_salihin__1805","unmatched","runtime_reference_missing_trusted_import","1","0","riyadussalihin_1805"
"riyad_as_salihin__1806","unmatched","runtime_reference_missing_trusted_import","1","0","riyadussalihin_1806"
"riyad_as_salihin__1807","unmatched","runtime_reference_missing_trusted_import","1","0","riyadussalihin_1807"
"riyad_as_salihin__1808","unmatched","runtime_reference_missing_trusted_import","1","0","riyadussalihin_1808"
"riyad_as_salihin__1809","unmatched","runtime_reference_missing_trusted_import","1","0","riyadussalihin_1809"
"riyad_as_salihin__1810","unmatched","runtime_reference_missing_trusted_import","1","0","riyadussalihin_1810"
"riyad_as_salihin__1811","unmatched","runtime_reference_missing_trusted_import","1","0","riyadussalihin_1811"
"riyad_as_salihin__1812","unmatched","runtime_reference_missing_trusted_import","1","0","riyadussalihin_1812"
"riyad_as_salihin__1813","unmatched","runtime_reference_missing_trusted_import","1","0","riyadussalihin_1813"
"riyad_as_salihin__1814","unmatched","runtime_reference_missing_trusted_import","1","0","riyadussalihin_1814"
"riyad_as_salihin__1815","unmatched","runtime_reference_missing_trusted_import","1","0","riyadussalihin_1815"
"riyad_as_salihin__1816","unmatched","runtime_reference_missing_trusted_import","1","0","riyadussalihin_1816"
"riyad_as_salihin__1817","unmatched","runtime_reference_missing_trusted_import","1","0","riyadussalihin_1817"
"riyad_as_salihin__1818","unmatched","runtime_reference_missing_trusted_import","1","0","riyadussalihin_1818"
"riyad_as_salihin__1819","unmatched","runtime_reference_missing_trusted_import","1","0","riyadussalihin_1819"
"riyad_as_salihin__1820","unmatched","runtime_reference_missing_trusted_import","1","0","riyadussalihin_1820"
"riyad_as_salihin__1821","unmatched","runtime_reference_missing_trusted_import","1","0","riyadussalihin_1821"
"riyad_as_salihin__1822","unmatched","runtime_reference_missing_trusted_import","1","0","riyadussalihin_1822"
"riyad_as_salihin__1823","unmatched","runtime_reference_missing_trusted_import","1","0","riyadussalihin_1823"
"riyad_as_salihin__1824","unmatched","runtime_reference_missing_trusted_import","1","0","riyadussalihin_1824"
"riyad_as_salihin__1825","unmatched","runtime_reference_missing_trusted_import","1","0","riyadussalihin_1825"
"riyad_as_salihin__1826","unmatched","runtime_reference_missing_trusted_import","1","0","riyadussalihin_1826"
"riyad_as_salihin__1827","unmatched","runtime_reference_missing_trusted_import","1","0","riyadussalihin_1827"
"riyad_as_salihin__1828","unmatched","runtime_reference_missing_trusted_import","1","0","riyadussalihin_1828"
"riyad_as_salihin__1829","unmatched","runtime_reference_missing_trusted_import","1","0","riyadussalihin_1829"
"riyad_as_salihin__1830","unmatched","runtime_reference_missing_trusted_import","1","0","riyadussalihin_1830"
"riyad_as_salihin__1831","unmatched","runtime_reference_missing_trusted_import","1","0","riyadussalihin_1831"
"riyad_as_salihin__1832","unmatched","runtime_reference_missing_trusted_import","1","0","riyadussalihin_1832"
"riyad_as_salihin__1833","unmatched","runtime_reference_missing_trusted_import","1","0","riyadussalihin_1833"
"riyad_as_salihin__1834","unmatched","runtime_reference_missing_trusted_import","1","0","riyadussalihin_1834"
"riyad_as_salihin__1835","unmatched","runtime_reference_missing_trusted_import","1","0","riyadussalihin_1835"
"riyad_as_salihin__1836","unmatched","runtime_reference_missing_trusted_import","1","0","riyadussalihin_1836"
"riyad_as_salihin__1837","unmatched","runtime_reference_missing_trusted_import","1","0","riyadussalihin_1837"
"riyad_as_salihin__1838","unmatched","runtime_reference_missing_trusted_import","1","0","riyadussalihin_1838"
"riyad_as_salihin__1839","unmatched","runtime_reference_missing_trusted_import","1","0","riyadussalihin_1839"
"riyad_as_salihin__1840","unmatched","runtime_reference_missing_trusted_import","1","0","riyadussalihin_1840"
"riyad_as_salihin__1841","unmatched","runtime_reference_missing_trusted_import","1","0","riyadussalihin_1841"
"riyad_as_salihin__1842","unmatched","runtime_reference_missing_trusted_import","1","0","riyadussalihin_1842"
"riyad_as_salihin__1843","unmatched","runtime_reference_missing_trusted_import","1","0","riyadussalihin_1843"
"riyad_as_salihin__1844","unmatched","runtime_reference_missing_trusted_import","1","0","riyadussalihin_1844"
"riyad_as_salihin__1845","unmatched","runtime_reference_missing_trusted_import","1","0","riyadussalihin_1845"
"riyad_as_salihin__1846","unmatched","runtime_reference_missing_trusted_import","1","0","riyadussalihin_1846"
"riyad_as_salihin__1847","unmatched","runtime_reference_missing_trusted_import","1","0","riyadussalihin_1847"
"riyad_as_salihin__1848","unmatched","runtime_reference_missing_trusted_import","1","0","riyadussalihin_1848"
"riyad_as_salihin__1849","unmatched","runtime_reference_missing_trusted_import","1","0","riyadussalihin_1849"
"riyad_as_salihin__1850","unmatched","runtime_reference_missing_trusted_import","1","0","riyadussalihin_1850"
"riyad_as_salihin__1851","unmatched","runtime_reference_missing_trusted_import","1","0","riyadussalihin_1851"
"riyad_as_salihin__1852","unmatched","runtime_reference_missing_trusted_import","1","0","riyadussalihin_1852"
"riyad_as_salihin__1853","unmatched","runtime_reference_missing_trusted_import","1","0","riyadussalihin_1853"
"riyad_as_salihin__1854","unmatched","runtime_reference_missing_trusted_import","1","0","riyadussalihin_1854"
"riyad_as_salihin__1855","unmatched","runtime_reference_missing_trusted_import","1","0","riyadussalihin_1855"
"riyad_as_salihin__1856","unmatched","runtime_reference_missing_trusted_import","1","0","riyadussalihin_1856"
"riyad_as_salihin__1857","unmatched","runtime_reference_missing_trusted_import","1","0","riyadussalihin_1857"
"riyad_as_salihin__1858","unmatched","runtime_reference_missing_trusted_import","1","0","riyadussalihin_1858"
"riyad_as_salihin__1859","unmatched","runtime_reference_missing_trusted_import","1","0","riyadussalihin_1859"
"riyad_as_salihin__1860","unmatched","runtime_reference_missing_trusted_import","1","0","riyadussalihin_1860"
"riyad_as_salihin__1861","unmatched","runtime_reference_missing_trusted_import","1","0","riyadussalihin_1861"
"riyad_as_salihin__1862","unmatched","runtime_reference_missing_trusted_import","1","0","riyadussalihin_1862"
"riyad_as_salihin__1863","unmatched","runtime_reference_missing_trusted_import","1","0","riyadussalihin_1863"
"riyad_as_salihin__1864","unmatched","runtime_reference_missing_trusted_import","1","0","riyadussalihin_1864"
"riyad_as_salihin__1865","unmatched","runtime_reference_missing_trusted_import","1","0","riyadussalihin_1865"
"riyad_as_salihin__1866","unmatched","runtime_reference_missing_trusted_import","1","0","riyadussalihin_1866"
"riyad_as_salihin__1867","unmatched","runtime_reference_missing_trusted_import","1","0","riyadussalihin_1867"
"riyad_as_salihin__1868","unmatched","runtime_reference_missing_trusted_import","1","0","riyadussalihin_1868"
"riyad_as_salihin__1869","unmatched","runtime_reference_missing_trusted_import","1","0","riyadussalihin_1869"
"riyad_as_salihin__1870","unmatched","runtime_reference_missing_trusted_import","1","0","riyadussalihin_1870"
"riyad_as_salihin__1871","unmatched","runtime_reference_missing_trusted_import","1","0","riyadussalihin_1871"
"riyad_as_salihin__1872","unmatched","runtime_reference_missing_trusted_import","1","0","riyadussalihin_1872"
"riyad_as_salihin__1874","unmatched","runtime_reference_missing_trusted_import","1","0","riyadussalihin_1874"
"riyad_as_salihin__1875","unmatched","runtime_reference_missing_trusted_import","1","0","riyadussalihin_1875"
"riyad_as_salihin__1876","unmatched","runtime_reference_missing_trusted_import","1","0","riyadussalihin_1876"
"riyad_as_salihin__1877","unmatched","runtime_reference_missing_trusted_import","1","0","riyadussalihin_1877"
"riyad_as_salihin__1879","unmatched","runtime_reference_missing_trusted_import","1","0","riyadussalihin_1879"
"riyad_as_salihin__1880","unmatched","runtime_reference_missing_trusted_import","1","0","riyadussalihin_1880"
"riyad_as_salihin__1881","unmatched","runtime_reference_missing_trusted_import","1","0","riyadussalihin_1881"
"riyad_as_salihin__1882","unmatched","runtime_reference_missing_trusted_import","1","0","riyadussalihin_1882"
"riyad_as_salihin__1883","unmatched","runtime_reference_missing_trusted_import","1","0","riyadussalihin_1883"
"riyad_as_salihin__1884","unmatched","runtime_reference_missing_trusted_import","1","0","riyadussalihin_1884"
"riyad_as_salihin__1885","unmatched","runtime_reference_missing_trusted_import","1","0","riyadussalihin_1885"
"riyad_as_salihin__1886","unmatched","runtime_reference_missing_trusted_import","1","0","riyadussalihin_1886"
"riyad_as_salihin__1887","unmatched","runtime_reference_missing_trusted_import","1","0","riyadussalihin_1887"
"riyad_as_salihin__1888","unmatched","runtime_reference_missing_trusted_import","1","0","riyadussalihin_1888"
"riyad_as_salihin__1889","unmatched","runtime_reference_missing_trusted_import","1","0","riyadussalihin_1889"
"riyad_as_salihin__1890","unmatched","runtime_reference_missing_trusted_import","1","0","riyadussalihin_1890"
"riyad_as_salihin__1891","unmatched","runtime_reference_missing_trusted_import","1","0","riyadussalihin_1891"
"riyad_as_salihin__1892","unmatched","runtime_reference_missing_trusted_import","1","0","riyadussalihin_1892"
"riyad_as_salihin__1893","unmatched","runtime_reference_missing_trusted_import","1","0","riyadussalihin_1893"
"riyad_as_salihin__1894","unmatched","runtime_reference_missing_trusted_import","1","0","riyadussalihin_1894"
"riyad_as_salihin__1895","unmatched","runtime_reference_missing_trusted_import","1","0","riyadussalihin_1895"
"riyad_as_salihin__1896","unmatched","runtime_reference_missing_trusted_import","1","0","riyadussalihin_1896"
"riyad_as_salihin__680","unmatched","runtime_reference_missing_trusted_import","1","0","riyadussalihin_680"
"riyad_as_salihin__681","unmatched","runtime_reference_missing_trusted_import","1","0","riyadussalihin_681"
"riyad_as_salihin__682","unmatched","runtime_reference_missing_trusted_import","1","0","riyadussalihin_682"
"riyad_as_salihin__683","unmatched","runtime_reference_missing_trusted_import","1","0","riyadussalihin_683"
"riyad_as_salihin__684","unmatched","runtime_reference_missing_trusted_import","1","0","riyadussalihin_684"
"riyad_as_salihin__685","unmatched","runtime_reference_missing_trusted_import","1","0","riyadussalihin_685"
"riyad_as_salihin__686","unmatched","runtime_reference_missing_trusted_import","1","0","riyadussalihin_686"
"riyad_as_salihin__687","unmatched","runtime_reference_missing_trusted_import","1","0","riyadussalihin_687"
"riyad_as_salihin__688","unmatched","runtime_reference_missing_trusted_import","1","0","riyadussalihin_688"
"riyad_as_salihin__689","unmatched","runtime_reference_missing_trusted_import","1","0","riyadussalihin_689"
"riyad_as_salihin__690","unmatched","runtime_reference_missing_trusted_import","1","0","riyadussalihin_690"
"riyad_as_salihin__691","unmatched","runtime_reference_missing_trusted_import","1","0","riyadussalihin_691"
"riyad_as_salihin__692","unmatched","runtime_reference_missing_trusted_import","1","0","riyadussalihin_692"
"riyad_as_salihin__693","unmatched","runtime_reference_missing_trusted_import","1","0","riyadussalihin_693"
"riyad_as_salihin__694","unmatched","runtime_reference_missing_trusted_import","1","0","riyadussalihin_694"
"riyad_as_salihin__695","unmatched","runtime_reference_missing_trusted_import","1","0","riyadussalihin_695"
"riyad_as_salihin__697","unmatched","runtime_reference_missing_trusted_import","1","0","riyadussalihin_697"
"riyad_as_salihin__698","unmatched","runtime_reference_missing_trusted_import","1","0","riyadussalihin_698"
"riyad_as_salihin__699","unmatched","runtime_reference_missing_trusted_import","1","0","riyadussalihin_699"
"riyad_as_salihin__700","unmatched","runtime_reference_missing_trusted_import","1","0","riyadussalihin_700"
"riyad_as_salihin__701","unmatched","runtime_reference_missing_trusted_import","1","0","riyadussalihin_701"
"riyad_as_salihin__702","unmatched","runtime_reference_missing_trusted_import","1","0","riyadussalihin_702"
"riyad_as_salihin__703","unmatched","runtime_reference_missing_trusted_import","1","0","riyadussalihin_703"
"riyad_as_salihin__704","unmatched","runtime_reference_missing_trusted_import","1","0","riyadussalihin_704"
"riyad_as_salihin__705","unmatched","runtime_reference_missing_trusted_import","1","0","riyadussalihin_705"
"riyad_as_salihin__706","unmatched","runtime_reference_missing_trusted_import","1","0","riyadussalihin_706"
"riyad_as_salihin__707","unmatched","runtime_reference_missing_trusted_import","1","0","riyadussalihin_707"
"riyad_as_salihin__708","unmatched","runtime_reference_missing_trusted_import","1","0","riyadussalihin_708"
"riyad_as_salihin__709","unmatched","runtime_reference_missing_trusted_import","1","0","riyadussalihin_709"
"riyad_as_salihin__710","unmatched","runtime_reference_missing_trusted_import","1","0","riyadussalihin_710"
"riyad_as_salihin__711","unmatched","runtime_reference_missing_trusted_import","1","0","riyadussalihin_711"
"riyad_as_salihin__712","unmatched","runtime_reference_missing_trusted_import","1","0","riyadussalihin_712"
"riyad_as_salihin__713","unmatched","runtime_reference_missing_trusted_import","1","0","riyadussalihin_713"
"riyad_as_salihin__714","unmatched","runtime_reference_missing_trusted_import","1","0","riyadussalihin_714"
"riyad_as_salihin__716","unmatched","runtime_reference_missing_trusted_import","1","0","riyadussalihin_716"
"riyad_as_salihin__717","unmatched","runtime_reference_missing_trusted_import","1","0","riyadussalihin_717"
"riyad_as_salihin__718","unmatched","runtime_reference_missing_trusted_import","1","0","riyadussalihin_718"
"riyad_as_salihin__719","unmatched","runtime_reference_missing_trusted_import","1","0","riyadussalihin_719"
"riyad_as_salihin__720","unmatched","runtime_reference_missing_trusted_import","1","0","riyadussalihin_720"
"riyad_as_salihin__722","unmatched","runtime_reference_missing_trusted_import","1","0","riyadussalihin_722"
"riyad_as_salihin__723","unmatched","runtime_reference_missing_trusted_import","1","0","riyadussalihin_723"
"riyad_as_salihin__726","unmatched","runtime_reference_missing_trusted_import","1","0","riyadussalihin_726"
"riyad_as_salihin__727","unmatched","runtime_reference_missing_trusted_import","1","0","riyadussalihin_727"
"riyad_as_salihin__729","unmatched","runtime_reference_missing_trusted_import","1","0","riyadussalihin_729"
"riyad_as_salihin__730","unmatched","runtime_reference_missing_trusted_import","1","0","riyadussalihin_730"
"riyad_as_salihin__733","unmatched","runtime_reference_missing_trusted_import","1","0","riyadussalihin_733"
"riyad_as_salihin__735","unmatched","runtime_reference_missing_trusted_import","1","0","riyadussalihin_735"
"riyad_as_salihin__736","unmatched","runtime_reference_missing_trusted_import","1","0","riyadussalihin_736"
"riyad_as_salihin__737","unmatched","runtime_reference_missing_trusted_import","1","0","riyadussalihin_737"
"riyad_as_salihin__738","unmatched","runtime_reference_missing_trusted_import","1","0","riyadussalihin_738"
"riyad_as_salihin__739","unmatched","runtime_reference_missing_trusted_import","1","0","riyadussalihin_739"
"riyad_as_salihin__740","unmatched","runtime_reference_missing_trusted_import","1","0","riyadussalihin_740"
"riyad_as_salihin__741","unmatched","runtime_reference_missing_trusted_import","1","0","riyadussalihin_741"
"riyad_as_salihin__745","unmatched","runtime_reference_missing_trusted_import","1","0","riyadussalihin_745"
"riyad_as_salihin__746","unmatched","runtime_reference_missing_trusted_import","1","0","riyadussalihin_746"
"riyad_as_salihin__747","unmatched","runtime_reference_missing_trusted_import","1","0","riyadussalihin_747"
"riyad_as_salihin__748","unmatched","runtime_reference_missing_trusted_import","1","0","riyadussalihin_748"
"riyad_as_salihin__749","unmatched","runtime_reference_missing_trusted_import","1","0","riyadussalihin_749"
"riyad_as_salihin__750","unmatched","runtime_reference_missing_trusted_import","1","0","riyadussalihin_750"
"riyad_as_salihin__751","unmatched","runtime_reference_missing_trusted_import","1","0","riyadussalihin_751"
"riyad_as_salihin__752","unmatched","runtime_reference_missing_trusted_import","1","0","riyadussalihin_752"
"riyad_as_salihin__753","unmatched","runtime_reference_missing_trusted_import","1","0","riyadussalihin_753"
"riyad_as_salihin__754","unmatched","runtime_reference_missing_trusted_import","1","0","riyadussalihin_754"
"riyad_as_salihin__755","unmatched","runtime_reference_missing_trusted_import","1","0","riyadussalihin_755"
"riyad_as_salihin__756","unmatched","runtime_reference_missing_trusted_import","1","0","riyadussalihin_756"
"riyad_as_salihin__758","unmatched","runtime_reference_missing_trusted_import","1","0","riyadussalihin_758"
"riyad_as_salihin__759","unmatched","runtime_reference_missing_trusted_import","1","0","riyadussalihin_759"
"riyad_as_salihin__760","unmatched","runtime_reference_missing_trusted_import","1","0","riyadussalihin_760"
"riyad_as_salihin__761","unmatched","runtime_reference_missing_trusted_import","1","0","riyadussalihin_761"
"riyad_as_salihin__762","unmatched","runtime_reference_missing_trusted_import","1","0","riyadussalihin_762"
"riyad_as_salihin__763","unmatched","runtime_reference_missing_trusted_import","1","0","riyadussalihin_763"
"riyad_as_salihin__766","unmatched","runtime_reference_missing_trusted_import","1","0","riyadussalihin_766"
"riyad_as_salihin__767","unmatched","runtime_reference_missing_trusted_import","1","0","riyadussalihin_767"
"riyad_as_salihin__770","unmatched","runtime_reference_missing_trusted_import","1","0","riyadussalihin_770"
"riyad_as_salihin__771","unmatched","runtime_reference_missing_trusted_import","1","0","riyadussalihin_771"
"riyad_as_salihin__773","unmatched","runtime_reference_missing_trusted_import","1","0","riyadussalihin_773"
"riyad_as_salihin__774","unmatched","runtime_reference_missing_trusted_import","1","0","riyadussalihin_774"
"riyad_as_salihin__775","unmatched","runtime_reference_missing_trusted_import","1","0","riyadussalihin_775"
"riyad_as_salihin__776","unmatched","runtime_reference_missing_trusted_import","1","0","riyadussalihin_776"
"riyad_as_salihin__777","unmatched","runtime_reference_missing_trusted_import","1","0","riyadussalihin_777"
"riyad_as_salihin__780","unmatched","runtime_reference_missing_trusted_import","1","0","riyadussalihin_780"
"riyad_as_salihin__781","unmatched","runtime_reference_missing_trusted_import","1","0","riyadussalihin_781"
"riyad_as_salihin__783","unmatched","runtime_reference_missing_trusted_import","1","0","riyadussalihin_783"
"riyad_as_salihin__784","unmatched","runtime_reference_missing_trusted_import","1","0","riyadussalihin_784"
"riyad_as_salihin__785","unmatched","runtime_reference_missing_trusted_import","1","0","riyadussalihin_785"
"riyad_as_salihin__786","unmatched","runtime_reference_missing_trusted_import","1","0","riyadussalihin_786"
"riyad_as_salihin__787","unmatched","runtime_reference_missing_trusted_import","1","0","riyadussalihin_787"
"riyad_as_salihin__790","unmatched","runtime_reference_missing_trusted_import","1","0","riyadussalihin_790"
"riyad_as_salihin__791","unmatched","runtime_reference_missing_trusted_import","1","0","riyadussalihin_791"
"riyad_as_salihin__792","unmatched","runtime_reference_missing_trusted_import","1","0","riyadussalihin_792"
"riyad_as_salihin__793","unmatched","runtime_reference_missing_trusted_import","1","0","riyadussalihin_793"
"riyad_as_salihin__799","unmatched","runtime_reference_missing_trusted_import","1","0","riyadussalihin_799"
"riyad_as_salihin__803","unmatched","runtime_reference_missing_trusted_import","1","0","riyadussalihin_803"
"riyad_as_salihin__804","unmatched","runtime_reference_missing_trusted_import","1","0","riyadussalihin_804"
"riyad_as_salihin__805","unmatched","runtime_reference_missing_trusted_import","1","0","riyadussalihin_805"
"riyad_as_salihin__808","unmatched","runtime_reference_missing_trusted_import","1","0","riyadussalihin_808"
"riyad_as_salihin__809","unmatched","runtime_reference_missing_trusted_import","1","0","riyadussalihin_809"
"riyad_as_salihin__812","unmatched","runtime_reference_missing_trusted_import","1","0","riyadussalihin_812"
"riyad_as_salihin__813","unmatched","runtime_reference_missing_trusted_import","1","0","riyadussalihin_813"
"riyad_as_salihin__814","unmatched","runtime_reference_missing_trusted_import","1","0","riyadussalihin_814"
"riyad_as_salihin__815","unmatched","runtime_reference_missing_trusted_import","1","0","riyadussalihin_815"
"riyad_as_salihin__816","unmatched","runtime_reference_missing_trusted_import","1","0","riyadussalihin_816"
"riyad_as_salihin__819","unmatched","runtime_reference_missing_trusted_import","1","0","riyadussalihin_819"
"riyad_as_salihin__821","unmatched","runtime_reference_missing_trusted_import","1","0","riyadussalihin_821"
"riyad_as_salihin__824","unmatched","runtime_reference_missing_trusted_import","1","0","riyadussalihin_824"
"riyad_as_salihin__825","unmatched","runtime_reference_missing_trusted_import","1","0","riyadussalihin_825"
"riyad_as_salihin__826","unmatched","runtime_reference_missing_trusted_import","1","0","riyadussalihin_826"
"riyad_as_salihin__827","unmatched","runtime_reference_missing_trusted_import","1","0","riyadussalihin_827"
"riyad_as_salihin__828","unmatched","runtime_reference_missing_trusted_import","1","0","riyadussalihin_828"
"riyad_as_salihin__829","unmatched","runtime_reference_missing_trusted_import","1","0","riyadussalihin_829"
"riyad_as_salihin__837","unmatched","runtime_reference_missing_trusted_import","1","0","riyadussalihin_837"
"riyad_as_salihin__838","unmatched","runtime_reference_missing_trusted_import","1","0","riyadussalihin_838"
"riyad_as_salihin__839","unmatched","runtime_reference_missing_trusted_import","1","0","riyadussalihin_839"
"riyad_as_salihin__840","unmatched","runtime_reference_missing_trusted_import","1","0","riyadussalihin_840"
"riyad_as_salihin__841","unmatched","runtime_reference_missing_trusted_import","1","0","riyadussalihin_841"
"riyad_as_salihin__842","unmatched","runtime_reference_missing_trusted_import","1","0","riyadussalihin_842"
"riyad_as_salihin__843","unmatched","runtime_reference_missing_trusted_import","1","0","riyadussalihin_843"
"riyad_as_salihin__844","unmatched","runtime_reference_missing_trusted_import","1","0","riyadussalihin_844"
"riyad_as_salihin__845","unmatched","runtime_reference_missing_trusted_import","1","0","riyadussalihin_845"
"riyad_as_salihin__846","unmatched","runtime_reference_missing_trusted_import","1","0","riyadussalihin_846"
"riyad_as_salihin__847","unmatched","runtime_reference_missing_trusted_import","1","0","riyadussalihin_847"
"riyad_as_salihin__848","unmatched","runtime_reference_missing_trusted_import","1","0","riyadussalihin_848"
"riyad_as_salihin__849","unmatched","runtime_reference_missing_trusted_import","1","0","riyadussalihin_849"
"riyad_as_salihin__850","unmatched","runtime_reference_missing_trusted_import","1","0","riyadussalihin_850"
"riyad_as_salihin__851","unmatched","runtime_reference_missing_trusted_import","1","0","riyadussalihin_851"
"riyad_as_salihin__852","unmatched","runtime_reference_missing_trusted_import","1","0","riyadussalihin_852"
"riyad_as_salihin__853","unmatched","runtime_reference_missing_trusted_import","1","0","riyadussalihin_853"
"riyad_as_salihin__854","unmatched","runtime_reference_missing_trusted_import","1","0","riyadussalihin_854"
"riyad_as_salihin__855","unmatched","runtime_reference_missing_trusted_import","1","0","riyadussalihin_855"
"riyad_as_salihin__856","unmatched","runtime_reference_missing_trusted_import","1","0","riyadussalihin_856"
"riyad_as_salihin__857","unmatched","runtime_reference_missing_trusted_import","1","0","riyadussalihin_857"
"riyad_as_salihin__858","unmatched","runtime_reference_missing_trusted_import","1","0","riyadussalihin_858"
"riyad_as_salihin__859","unmatched","runtime_reference_missing_trusted_import","1","0","riyadussalihin_859"
"riyad_as_salihin__861","unmatched","runtime_reference_missing_trusted_import","1","0","riyadussalihin_861"
"riyad_as_salihin__862","unmatched","runtime_reference_missing_trusted_import","1","0","riyadussalihin_862"
"riyad_as_salihin__863","unmatched","runtime_reference_missing_trusted_import","1","0","riyadussalihin_863"
"riyad_as_salihin__864","unmatched","runtime_reference_missing_trusted_import","1","0","riyadussalihin_864"
"riyad_as_salihin__865","unmatched","runtime_reference_missing_trusted_import","1","0","riyadussalihin_865"
"riyad_as_salihin__866","unmatched","runtime_reference_missing_trusted_import","1","0","riyadussalihin_866"
"riyad_as_salihin__867","unmatched","runtime_reference_missing_trusted_import","1","0","riyadussalihin_867"
"riyad_as_salihin__868","unmatched","runtime_reference_missing_trusted_import","1","0","riyadussalihin_868"
"riyad_as_salihin__869","unmatched","runtime_reference_missing_trusted_import","1","0","riyadussalihin_869"
"riyad_as_salihin__870","unmatched","runtime_reference_missing_trusted_import","1","0","riyadussalihin_870"
"riyad_as_salihin__871","unmatched","runtime_reference_missing_trusted_import","1","0","riyadussalihin_871"
"riyad_as_salihin__873","unmatched","runtime_reference_missing_trusted_import","1","0","riyadussalihin_873"
"riyad_as_salihin__874","unmatched","runtime_reference_missing_trusted_import","1","0","riyadussalihin_874"
"riyad_as_salihin__875","unmatched","runtime_reference_missing_trusted_import","1","0","riyadussalihin_875"
"riyad_as_salihin__876","unmatched","runtime_reference_missing_trusted_import","1","0","riyadussalihin_876"
"riyad_as_salihin__877","unmatched","runtime_reference_missing_trusted_import","1","0","riyadussalihin_877"
"riyad_as_salihin__878","unmatched","runtime_reference_missing_trusted_import","1","0","riyadussalihin_878"
"riyad_as_salihin__879","unmatched","runtime_reference_missing_trusted_import","1","0","riyadussalihin_879"
"riyad_as_salihin__880","unmatched","runtime_reference_missing_trusted_import","1","0","riyadussalihin_880"
"riyad_as_salihin__881","unmatched","runtime_reference_missing_trusted_import","1","0","riyadussalihin_881"
"riyad_as_salihin__882","unmatched","runtime_reference_missing_trusted_import","1","0","riyadussalihin_882"
"riyad_as_salihin__883","unmatched","runtime_reference_missing_trusted_import","1","0","riyadussalihin_883"
"riyad_as_salihin__884","unmatched","runtime_reference_missing_trusted_import","1","0","riyadussalihin_884"
"riyad_as_salihin__885","unmatched","runtime_reference_missing_trusted_import","1","0","riyadussalihin_885"
"riyad_as_salihin__888","unmatched","runtime_reference_missing_trusted_import","1","0","riyadussalihin_888"
"riyad_as_salihin__891","unmatched","runtime_reference_missing_trusted_import","1","0","riyadussalihin_891"
"riyad_as_salihin__892","unmatched","runtime_reference_missing_trusted_import","1","0","riyadussalihin_892"
"riyad_as_salihin__893","unmatched","runtime_reference_missing_trusted_import","1","0","riyadussalihin_893"
"riyad_as_salihin__894","unmatched","runtime_reference_missing_trusted_import","1","0","riyadussalihin_894"
"riyad_as_salihin__895","unmatched","runtime_reference_missing_trusted_import","1","0","riyadussalihin_895"
"riyad_as_salihin__896","unmatched","runtime_reference_missing_trusted_import","1","0","riyadussalihin_896"
"riyad_as_salihin__897","unmatched","runtime_reference_missing_trusted_import","1","0","riyadussalihin_897"
"riyad_as_salihin__898","unmatched","runtime_reference_missing_trusted_import","1","0","riyadussalihin_898"
"riyad_as_salihin__899","unmatched","runtime_reference_missing_trusted_import","1","0","riyadussalihin_899"
"riyad_as_salihin__900","unmatched","runtime_reference_missing_trusted_import","1","0","riyadussalihin_900"
"riyad_as_salihin__901","unmatched","runtime_reference_missing_trusted_import","1","0","riyadussalihin_901"
"riyad_as_salihin__902","unmatched","runtime_reference_missing_trusted_import","1","0","riyadussalihin_902"
"riyad_as_salihin__903","unmatched","runtime_reference_missing_trusted_import","1","0","riyadussalihin_903"
"riyad_as_salihin__904","unmatched","runtime_reference_missing_trusted_import","1","0","riyadussalihin_904"
"riyad_as_salihin__905","unmatched","runtime_reference_missing_trusted_import","1","0","riyadussalihin_905"
"riyad_as_salihin__906","unmatched","runtime_reference_missing_trusted_import","1","0","riyadussalihin_906"
"riyad_as_salihin__907","unmatched","runtime_reference_missing_trusted_import","1","0","riyadussalihin_907"
"riyad_as_salihin__908","unmatched","runtime_reference_missing_trusted_import","1","0","riyadussalihin_908"
"riyad_as_salihin__909","unmatched","runtime_reference_missing_trusted_import","1","0","riyadussalihin_909"
"riyad_as_salihin__910","unmatched","runtime_reference_missing_trusted_import","1","0","riyadussalihin_910"
"riyad_as_salihin__911","unmatched","runtime_reference_missing_trusted_import","1","0","riyadussalihin_911"
"riyad_as_salihin__913","unmatched","runtime_reference_missing_trusted_import","1","0","riyadussalihin_913"
"riyad_as_salihin__914","unmatched","runtime_reference_missing_trusted_import","1","0","riyadussalihin_914"
"riyad_as_salihin__915","unmatched","runtime_reference_missing_trusted_import","1","0","riyadussalihin_915"
"riyad_as_salihin__916","unmatched","runtime_reference_missing_trusted_import","1","0","riyadussalihin_916"
"riyad_as_salihin__918","unmatched","runtime_reference_missing_trusted_import","1","0","riyadussalihin_918"
"riyad_as_salihin__919","unmatched","runtime_reference_missing_trusted_import","1","0","riyadussalihin_919"
"riyad_as_salihin__920","unmatched","runtime_reference_missing_trusted_import","1","0","riyadussalihin_920"
"riyad_as_salihin__921","unmatched","runtime_reference_missing_trusted_import","1","0","riyadussalihin_921"
"riyad_as_salihin__922","unmatched","runtime_reference_missing_trusted_import","1","0","riyadussalihin_922"
"riyad_as_salihin__923","unmatched","runtime_reference_missing_trusted_import","1","0","riyadussalihin_923"
"riyad_as_salihin__924","unmatched","runtime_reference_missing_trusted_import","1","0","riyadussalihin_924"
"riyad_as_salihin__925","unmatched","runtime_reference_missing_trusted_import","1","0","riyadussalihin_925"
"riyad_as_salihin__926","unmatched","runtime_reference_missing_trusted_import","1","0","riyadussalihin_926"
"riyad_as_salihin__927","unmatched","runtime_reference_missing_trusted_import","1","0","riyadussalihin_927"
"riyad_as_salihin__929","unmatched","runtime_reference_missing_trusted_import","1","0","riyadussalihin_929"
"riyad_as_salihin__930","unmatched","runtime_reference_missing_trusted_import","1","0","riyadussalihin_930"
"riyad_as_salihin__931","unmatched","runtime_reference_missing_trusted_import","1","0","riyadussalihin_931"
"riyad_as_salihin__932","unmatched","runtime_reference_missing_trusted_import","1","0","riyadussalihin_932"
"riyad_as_salihin__933","unmatched","runtime_reference_missing_trusted_import","1","0","riyadussalihin_933"
"riyad_as_salihin__934","unmatched","runtime_reference_missing_trusted_import","1","0","riyadussalihin_934"
"riyad_as_salihin__935","unmatched","runtime_reference_missing_trusted_import","1","0","riyadussalihin_935"
"riyad_as_salihin__941","unmatched","runtime_reference_missing_trusted_import","1","0","riyadussalihin_941"
"riyad_as_salihin__942","unmatched","runtime_reference_missing_trusted_import","1","0","riyadussalihin_942"
"riyad_as_salihin__943","unmatched","runtime_reference_missing_trusted_import","1","0","riyadussalihin_943"
"riyad_as_salihin__945","unmatched","runtime_reference_missing_trusted_import","1","0","riyadussalihin_945"
"riyad_as_salihin__947","unmatched","runtime_reference_missing_trusted_import","1","0","riyadussalihin_947"
"riyad_as_salihin__948","unmatched","runtime_reference_missing_trusted_import","1","0","riyadussalihin_948"
"riyad_as_salihin__949","unmatched","runtime_reference_missing_trusted_import","1","0","riyadussalihin_949"
"riyad_as_salihin__950","unmatched","runtime_reference_missing_trusted_import","1","0","riyadussalihin_950"
"riyad_as_salihin__951","unmatched","runtime_reference_missing_trusted_import","1","0","riyadussalihin_951"
"riyad_as_salihin__952","unmatched","runtime_reference_missing_trusted_import","1","0","riyadussalihin_952"
"riyad_as_salihin__953","unmatched","runtime_reference_missing_trusted_import","1","0","riyadussalihin_953"
"riyad_as_salihin__954","unmatched","runtime_reference_missing_trusted_import","1","0","riyadussalihin_954"
"riyad_as_salihin__955","unmatched","runtime_reference_missing_trusted_import","1","0","riyadussalihin_955"
"riyad_as_salihin__956","unmatched","runtime_reference_missing_trusted_import","1","0","riyadussalihin_956"
"riyad_as_salihin__957","unmatched","runtime_reference_missing_trusted_import","1","0","riyadussalihin_957"
"riyad_as_salihin__958","unmatched","runtime_reference_missing_trusted_import","1","0","riyadussalihin_958"
"riyad_as_salihin__959","unmatched","runtime_reference_missing_trusted_import","1","0","riyadussalihin_959"
"riyad_as_salihin__960","unmatched","runtime_reference_missing_trusted_import","1","0","riyadussalihin_960"
"riyad_as_salihin__961","unmatched","runtime_reference_missing_trusted_import","1","0","riyadussalihin_961"
"riyad_as_salihin__962","unmatched","runtime_reference_missing_trusted_import","1","0","riyadussalihin_962"
"riyad_as_salihin__963","unmatched","runtime_reference_missing_trusted_import","1","0","riyadussalihin_963"
"riyad_as_salihin__969","unmatched","runtime_reference_missing_trusted_import","1","0","riyadussalihin_969"
"riyad_as_salihin__972","unmatched","runtime_reference_missing_trusted_import","1","0","riyadussalihin_972"
"riyad_as_salihin__973","unmatched","runtime_reference_missing_trusted_import","1","0","riyadussalihin_973"
"riyad_as_salihin__974","unmatched","runtime_reference_missing_trusted_import","1","0","riyadussalihin_974"
"riyad_as_salihin__975","unmatched","runtime_reference_missing_trusted_import","1","0","riyadussalihin_975"
"riyad_as_salihin__977","unmatched","runtime_reference_missing_trusted_import","1","0","riyadussalihin_977"
"riyad_as_salihin__978","unmatched","runtime_reference_missing_trusted_import","1","0","riyadussalihin_978"
"riyad_as_salihin__979","unmatched","runtime_reference_missing_trusted_import","1","0","riyadussalihin_979"
"riyad_as_salihin__980","unmatched","runtime_reference_missing_trusted_import","1","0","riyadussalihin_980"
"riyad_as_salihin__982","unmatched","runtime_reference_missing_trusted_import","1","0","riyadussalihin_982"
"riyad_as_salihin__984","unmatched","runtime_reference_missing_trusted_import","1","0","riyadussalihin_984"
"riyad_as_salihin__985","unmatched","runtime_reference_missing_trusted_import","1","0","riyadussalihin_985"
"riyad_as_salihin__986","unmatched","runtime_reference_missing_trusted_import","1","0","riyadussalihin_986"
"riyad_as_salihin__987","unmatched","runtime_reference_missing_trusted_import","1","0","riyadussalihin_987"
"riyad_as_salihin__988","unmatched","runtime_reference_missing_trusted_import","1","0","riyadussalihin_988"
"riyad_as_salihin__989","unmatched","runtime_reference_missing_trusted_import","1","0","riyadussalihin_989"
"riyad_as_salihin__990","unmatched","runtime_reference_missing_trusted_import","1","0","riyadussalihin_990"
"riyad_as_salihin__991","unmatched","runtime_reference_missing_trusted_import","1","0","riyadussalihin_991"
"riyad_as_salihin__992","unmatched","runtime_reference_missing_trusted_import","1","0","riyadussalihin_992"
"riyad_as_salihin__993","unmatched","runtime_reference_missing_trusted_import","1","0","riyadussalihin_993"
"riyad_as_salihin__994","unmatched","runtime_reference_missing_trusted_import","1","0","riyadussalihin_994"
"riyad_as_salihin__995","unmatched","runtime_reference_missing_trusted_import","1","0","riyadussalihin_995"
"riyad_as_salihin__996","unmatched","runtime_reference_missing_trusted_import","1","0","riyadussalihin_996"
"riyad_as_salihin__997","unmatched","runtime_reference_missing_trusted_import","1","0","riyadussalihin_997"
"riyad_as_salihin__998","unmatched","runtime_reference_missing_trusted_import","1","0","riyadussalihin_998"
"riyad_as_salihin__999","unmatched","runtime_reference_missing_trusted_import","1","0","riyadussalihin_999"
"sahih_al_bukhari__1","unmatched","runtime_reference_missing_trusted_import","1","0","intentions_core"
"sahih_al_bukhari__2444","unmatched","runtime_reference_missing_trusted_import","1","0","help_brother_oppressor_oppressed"
"sahih_al_bukhari__3559","unmatched","runtime_reference_missing_trusted_import","1","0","best_character_among_you"
"sahih_al_bukhari__405","unmatched","runtime_reference_missing_trusted_import","1","0","conversation_with_lord"
"sahih_al_bukhari__5027","unmatched","runtime_reference_missing_trusted_import","1","0","learn_teach_quran"
"sahih_al_bukhari__6307","unmatched","runtime_reference_missing_trusted_import","1","0","prophet_sought_forgiveness_daily"
"sahih_al_bukhari__631","unmatched","runtime_reference_missing_trusted_import","1","0","pray_as_you_have_seen_me"
"sahih_al_bukhari__6407","unmatched","runtime_reference_missing_trusted_import","1","0","example_remembers_allah"
"sahih_al_bukhari__6416","unmatched","runtime_reference_missing_trusted_import","1","0","be_in_world_as_traveler"
"sahih_al_bukhari__676","unmatched","runtime_reference_missing_trusted_import","1","0","prophet_helped_family_home"
"sahih_al_bukhari__707","unmatched","runtime_reference_missing_trusted_import","1","0","shortened_prayer_child_cry"
"sahih_al_bukhari__bukhari_1130_muslim_2819","unmatched","runtime_reference_missing_trusted_import","1","0","prophet_gratitude_prayer_night"
"sahih_al_bukhari__bukhari_1283_muslim_926","unmatched","runtime_reference_missing_trusted_import","1","0","patience_first_strike"
"sahih_al_bukhari__bukhari_1312_muslim_961","unmatched","runtime_reference_missing_trusted_import","1","0","stood_for_funeral_procession"
"sahih_al_bukhari__bukhari_13_muslim_45","unmatched","runtime_reference_missing_trusted_import","1","0","love_for_brother"
"sahih_al_bukhari__bukhari_1469_muslim_1053","unmatched","runtime_reference_missing_trusted_import","2","0","patience_greatest_gift|whoever_remains_patient"
"sahih_al_bukhari__bukhari_160_muslim_226","unmatched","runtime_reference_missing_trusted_import","1","0","wudu_then_prayer"
"sahih_al_bukhari__bukhari_3318_muslim_2242","unmatched","runtime_reference_missing_trusted_import","1","0","woman_cruelty_cat"
"sahih_al_bukhari__bukhari_3321_muslim_2244","unmatched","runtime_reference_missing_trusted_import","1","0","man_forgiven_water_dog"
"sahih_al_bukhari__bukhari_33_muslim_59","unmatched","runtime_reference_missing_trusted_import","1","0","signs_hypocrisy"
"sahih_al_bukhari__bukhari_425_muslim_33","unmatched","runtime_reference_missing_trusted_import","1","0","la_ilaha_illa_allah_sincerely"
"sahih_al_bukhari__bukhari_52_muslim_1599","unmatched","runtime_reference_missing_trusted_import","1","0","lawful_unlawful_clear"
"sahih_al_bukhari__bukhari_5641_5642_muslim_2573","unmatched","runtime_reference_missing_trusted_import","1","0","hardship_expiates_sins"
"sahih_al_bukhari__bukhari_6018_muslim_47","unmatched","runtime_reference_missing_trusted_import","2","0","kind_speech|speak_good_or_silent_faith"
"sahih_al_bukhari__bukhari_6019_muslim_47","unmatched","runtime_reference_missing_trusted_import","1","0","honor_your_neighbor"
"sahih_al_bukhari__bukhari_6024_muslim_2165","unmatched","runtime_reference_missing_trusted_import","1","0","gentleness_all_matters"
"sahih_al_bukhari__bukhari_6094_muslim_2607","unmatched","runtime_reference_missing_trusted_import","1","0","truthfulness_to_righteousness"
"sahih_al_bukhari__bukhari_6114_muslim_2609","unmatched","runtime_reference_missing_trusted_import","1","0","anger_control_strength"
"sahih_al_bukhari__bukhari_6405_muslim_2691","unmatched","runtime_reference_missing_trusted_import","1","0","subhanallahi_wabihamdihi_hundred_times"
"sahih_al_bukhari__bukhari_6406_muslim_2694","unmatched","runtime_reference_missing_trusted_import","1","0","two_phrases_light_on_tongue"
"sahih_al_bukhari__bukhari_645_muslim_650","unmatched","runtime_reference_missing_trusted_import","1","0","congregation_superior"
"sahih_al_bukhari__bukhari_6490_muslim_2963","unmatched","runtime_reference_missing_trusted_import","1","0","look_at_those_below"
"sahih_al_bukhari__bukhari_6507_muslim_2683","unmatched","runtime_reference_missing_trusted_import","1","0","whoever_loves_meet_allah"
"sahih_al_bukhari__bukhari_7376_muslim_2318","unmatched","runtime_reference_missing_trusted_import","1","0","no_mercy_no_mercy"
"sahih_al_bukhari__bukhari_7405_muslim_2675","unmatched","runtime_reference_missing_trusted_import","1","0","allah_remembers_those_who_remember_him"
"sahih_al_bukhari__bukhari_7507_muslim_2758","unmatched","runtime_reference_missing_trusted_import","1","0","forgives_if_servant_acknowledges_sin"
"sahih_al_bukhari__bukhari_893_muslim_1829","unmatched","runtime_reference_missing_trusted_import","1","0","each_shepherd"
"sahih_al_bukhari__bukhari_8_muslim_16","unmatched","runtime_reference_missing_trusted_import","1","0","islam_built_on_five_prayer"
"sahih_muslim__101","unmatched","runtime_reference_missing_trusted_import","1","0","whoever_cheats_not_among_us"
"sahih_muslim__1827","unmatched","runtime_reference_missing_trusted_import","1","0","just_on_pulpits_of_light"
"sahih_muslim__2564","unmatched","runtime_reference_missing_trusted_import","1","0","hearts_and_deeds"
"sahih_muslim__2664","unmatched","runtime_reference_missing_trusted_import","2","0","strong_believer|strong_believer_patience"
"sahih_muslim__2699","unmatched","runtime_reference_missing_trusted_import","5","0","allah_helps_servant_helps_brother|gatherings_dhikr_surrounded_angels|knowledge_path_paradise_easy|relieve_believer_hardship|seek_knowledge"
"sahih_muslim__2703","unmatched","runtime_reference_missing_trusted_import","1","0","repentance_until_sun_from_west"
"sahih_muslim__2747","unmatched","runtime_reference_missing_trusted_import","1","0","repentance_joy"
"sahih_muslim__2759","unmatched","runtime_reference_missing_trusted_import","1","0","allah_accepts_repentance_night_day"
"sahih_muslim__2956","unmatched","runtime_reference_missing_trusted_import","1","0","dunya_prison_believer"
"sahih_muslim__2999","unmatched","runtime_reference_missing_trusted_import","1","0","patience_gratitude_balance"
"sahih_muslim__482","unmatched","runtime_reference_missing_trusted_import","2","0","closest_in_sujud|increase_dua_in_prostration"
"sahih_muslim__55","unmatched","runtime_reference_missing_trusted_import","1","0","religion_sincerity"
"sahih_muslim__977","unmatched","runtime_reference_missing_trusted_import","1","0","visit_graves_reflection"
"sunan_abi_dawud__1518","unmatched","runtime_reference_missing_trusted_import","1","0","seeking_forgiveness_brings_relief"
"sunan_abi_dawud__3534","unmatched","runtime_reference_missing_trusted_import","1","0","trust_honesty"
"sunan_abi_dawud__abu_dawud_3641_tirmidhi_2682","unmatched","runtime_reference_missing_trusted_import","1","0","scholars_inheritors_prophets"
"sunan_abi_dawud__abu_dawud_3658_tirmidhi_2649","unmatched","runtime_reference_missing_trusted_import","1","0","conceals_knowledge"
"sunan_al_nasai__3104","unmatched","runtime_reference_missing_trusted_import","1","0","paradise_feet_mothers"
"sunan_ibn_majah__224","unmatched","runtime_reference_missing_trusted_import","1","0","knowledge_obligation"
